unique_id,case_id_fkey,latitude,longitude,collision_year,death_date,death_time,death_datetime,collision_date,collision_time,collision_datetime,location,age,sex,deceased,collision_type,street_type,on_vz_hin_2017,in_coc_2018,publish,on_vz_hin_2022,in_epa_2021,point,data_loaded_at,analysis_neighborhood,supervisor_district,police_district
269,200252819,37.752426801278610,-122.39458697760482,2020,2020/04/21,19:35:00,2020/04/21 07:35:00 PM,2020/04/21,17:30:00,2020/04/21 05:30:00 PM,Dakota Street and 25th Street,28,Female,Driver,Motor Vehicle Collision,City Street,false,true,true,true,false,POINT (-122.394586978 37.752426801),2024/07/01 04:48:29 PM,Bayview Hunters Point,10,BAYVIEW
286,200592740,37.749684623085095,-122.39728541610698,2020,2020/10/02,04:50:00,2020/10/02 04:50:00 AM,2020/10/02,,2020/10/02 12:00:00 AM,Cesar Chavez Street and Evans Avenue,55,Male,Pedestrian,Pedestrian vs Motor Vehicle,City Street,true,false,true,true,false,POINT (-122.397285416 37.749684623),2024/07/01 04:48:29 PM,Bayview Hunters Point,10,BAYVIEW
268,,37.764783452499010,-122.42410268484157,2020,2020/03/17,21:44:00,2020/03/17 09:44:00 PM,2020/03/17,20:15:00,2020/03/17 08:15:00 PM,Guerrero Street at 16th Street,36,Male,Motorcyclist,Motorcycle vs Motor Vehicle,City Street,true,false,true,true,false,POINT (-122.424102685 37.764783452),2024/07/01 04:48:29 PM,Mission,8,MISSION
291,200704616,37.765783299491800,-122.40753422960650,2020,2020/12/07,,2020/12/07 12:00:00 AM,2020/11/21,19:31:00,2020/11/21 07:31:00 PM,16th Street and Potrero Avenue,,Male,Driver,Motor Vehicle Collision,City Street,true,true,true,true,false,POINT (-122.40753423 37.765783299),2024/07/01 04:48:29 PM,Mission,9,MISSION
271,200252819,37.752426993117666,-122.39458709646013,2020,2020/04/21,21:45:00,2020/04/21 09:45:00 PM,2020/04/21,17:30:00,2020/04/21 05:30:00 PM,Dakota Street and 25th Street,32,Female,Passenger,Motor Vehicle Collision,City Street,false,true,true,false,false,POINT (-122.394587096 37.752426993),2024/07/01 04:48:29 PM,Bayview Hunters Point,10,BAYVIEW
263,200166890,37.761700908871845,-122.42157840092688,2020,2020/03/09,21:57:00,2020/03/09 09:57:00 PM,2020/03/05,23:00:00,2020/03/05 11:00:00 PM,Valencia Street at 18th Street,49,Male,Pedestrian,Pedestrian vs Motor Vehicle,City Street,true,true,true,true,false,POINT (-122.421578401 37.761700909),2024/07/01 04:48:29 PM,Mission,9,MISSION
302,210078605,37.718574359247960,-122.48507678696539,2021,2021/02/04,08:04:00,2021/02/04 08:04:00 AM,2021/02/04,07:56:00,2021/02/04 07:56:00 AM,Lake Merced Boulevard and Higuera Avenue,27,Male,Pedestrian,Pedestrian vs Motor Vehicle,City Street,false,true,true,false,true,POINT (-122.485076787 37.718574359),2024/07/01 04:48:29 PM,Lakeshore,7,TARAVAL
116,160974616,37.723085048371857,-122.44327377954198,2016,2016/12/11,17:25:00,2016/12/11 05:25:00 PM,2016/11/30,18:19:00,2016/11/30 06:19:00 PM,Ocean Avenue at Delano Avenue,72,Male,Pedestrian,Pedestrian vs Motor Vehicle,City Street,true,true,true,true,false,POINT (-122.44327378 37.723085048),2024/07/01 04:48:29 PM,Outer Mission,11,INGLESIDE
267,200020387,37.823174922584116,-122.37490669983504,2020,2020/01/08,23:50:00,2020/01/08 11:50:00 PM,2020/01/08,23:33:00,2020/01/08 11:33:00 PM,"West end 9th Street at Avenue B, Treasure Island",45,Male,Driver,Motor Vehicle Collision,City Street,false,true,true,false,true,POINT (-122.3749067 37.823174923),2024/07/01 04:48:29 PM,Treasure Island,6,SOUTHERN
262,200154497,37.786939706256163,-122.41151576686329,2020,2020/03/01,08:03:00,2020/03/01 08:03:00 AM,2020/03/01,07:27:00,2020/03/01 07:27:00 AM,Geary Boulevard at Taylor Street,67,Female,Pedestrian,Pedestrian vs Motor Vehicle,City Street,true,true,true,true,true,POINT (-122.411515767 37.786939706),2024/07/01 04:48:29 PM,Tenderloin,3,CENTRAL
325,210606701,37.735859112676756,-122.40816909866219,2021,2021/09/19,01:58:00,2021/09/19 01:58:00 AM,2021/09/19,02:23:00,2021/09/19 02:23:00 AM,Alemany Blvd at San Bruno Ave,39,Female,Driver,Motor Vehicle Collision,City Street,true,true,true,false,false,POINT (-122.408169099 37.735859113),2024/07/01 04:48:29 PM,Portola,9,INGLESIDE
129,170785970,37.781854205126166,-122.41386375710368,2017,2017/09/27,14:15:00,2017/09/27 02:15:00 PM,2017/09/26,12:42:00,2017/09/26 12:42:00 PM,Leavenworth Street and Golden Gate Avenue,66,Male,Pedestrian,Pedestrian vs Motor Vehicle,City Street,true,true,true,true,true,POINT (-122.413863757 37.781854205),2024/07/01 04:48:29 PM,Tenderloin,5,TENDERLOIN
320,210519687,37.784151863584910,-122.43456209847798,2021,2021/08/15,01:59:00,2021/08/15 01:59:00 AM,2021/08/15,01:51:00,2021/08/15 01:51:00 AM,Geary Boulevard and Steiner Street,25,Female,Motorcyclist,Motorcycle Collision,City Street,true,true,true,true,true,POINT (-122.434562098 37.784151864),2024/07/01 04:48:29 PM,Western Addition,5,NORTHERN
16,150562049,37.777299856202600,-122.41969356567921,2015,2015/06/30,06:00:00,2015/06/30 06:00:00 AM,2015/06/28,03:52:00,2015/06/28 03:52:00 AM,Van Ness Ave and Hayes St,52,Male,Motorcyclist,Motorcycle vs Motor Vehicle,City Street,true,false,true,true,true,POINT (-122.419693566 37.777299856),2024/07/01 04:48:29 PM,Tenderloin,5,NORTHERN
146,180283419,37.726001556400000,-122.46422018400001,2018,2018/04/17,09:49:00,2018/04/17 09:49:00 AM,2018/04/17,09:00:00,2018/04/17 09:00:00 AM,Victoria Street at Ocean Avenue,80,Female,Pedestrian,Pedestrian vs Motor Vehicle,City Street,false,false,true,true,false,POINT (-122.464220184 37.726001556),2024/07/01 04:48:29 PM,West of Twin Peaks,7,TARAVAL
126,170141720,37.736759613262109,-122.37940991123520,2017,2017/02/18,22:11:00,2017/02/18 10:11:00 PM,2017/02/18,21:23:00,2017/02/18 09:23:00 PM,Middle Point Road at West Point Road,26,Male,Motorcyclist,Dirt Bike Collision,City Street,false,true,true,true,true,POINT (-122.379409911 37.736759613),2024/07/01 04:48:29 PM,Bayview Hunters Point,10,BAYVIEW
23,141027204,37.785791098749463,-122.39638989247885,2014,2014/12/29,00:20:00,2014/12/29 12:20:00 AM,2014/12/06,,2014/12/06 12:00:00 AM,Folsom St and 2nd St,59,Male,Pedestrian,Pedestrian vs Motor Vehicle,City Street,true,false,true,true,false,POINT (-122.396389892 37.785791099),2024/07/01 04:48:29 PM,Financial District/South Beach,6,SOUTHERN
324,210606400,37.758226828542092,-122.42576680671888,2021,2021/09/18,23:20:00,2021/09/18 11:20:00 PM,2021/09/18,22:40:00,2021/09/18 10:40:00 PM,20th Street at Dolores Street,47,Male,Bicyclist,Bicycle Collision,City Street,false,false,true,true,false,POINT (-122.425766807 37.758226829),2024/07/01 04:48:29 PM,Mission,8,MISSION
157,180693868,37.770658363199992,-122.41748693100001,2018,2018/09/13,20:19:00,2018/09/13 08:19:00 PM,2018/09/13,12:06:00,2018/09/13 12:06:00 PM,IFO 1675 Howard Street,56,Male,Bicyclist,Bicycle vs Motor Vehicle,City Street,false,false,true,true,false,POINT (-122.417486931 37.770658363),2024/07/01 04:48:29 PM,Mission,6,SOUTHERN
20220968,220536819,37.760509209403494,-122.44351704781249,2022,2022/08/11,11:49:00,2022/08/11 11:49:00 AM,2022/08/11,11:30:00,2022/08/11 11:30:00 AM,Market St at Danvers St,41,Male,Motorcyclist,Motorcycle vs Motor Vehicle,City Street,true,false,true,true,false,POINT (-122.443517048 37.760509209),2024/07/01 04:48:29 PM,Castro/Upper Market,8,MISSION
51,140437941,37.795146810197075,-122.43004013432538,2014,2014/06/04,06:40:00,2014/06/04 06:40:00 AM,2014/05/25,,2014/05/25 12:00:00 AM,Broadway St and Laguna St,51,Male,Bicyclist,Bicycle vs Motor Vehicle,City Street,false,false,true,false,false,POINT (-122.430040134 37.79514681),2024/07/01 04:48:29 PM,Pacific Heights,2,NORTHERN
20220443,220233087,37.740897516459775,-122.38470554002221,2022,2022/04/09,15:04:00,2022/04/09 03:04:00 PM,2022/04/09,14:58:00,2022/04/09 02:58:00 PM,Mendell St at Evans St,33,Male,Moped,Motorcycle vs Motor Vehicle,City Street,true,false,true,true,false,POINT (-122.38470554 37.740897516),2024/07/01 04:48:29 PM,Bayview Hunters Point,10,BAYVIEW
20220274,220139128,37.755832510748512,-122.41219789269280,2022,2022/03/02,07:56:00,2022/03/02 07:56:00 AM,2022/03/02,07:30:00,2022/03/02 07:30:00 AM,Harrison St at 22nd St,23,Male,Standup Powered Device Rider,e-Scooter vs Motor Vehicle,City Street,false,true,true,false,false,POINT (-122.412197893 37.755832511),2024/07/01 04:48:29 PM,Mission,9,MISSION
118,170172797,37.729930588220924,-122.43011091749905,2017,2017/03/02,12:40:00,2017/03/02 12:40:00 PM,2017/03/01,18:44:00,2017/03/01 06:44:00 PM,Mission St at Ney Street,50,Female,Pedestrian,Pedestrian vs Motor Vehicle,City Street,true,true,true,true,false,POINT (-122.430110917 37.729930588),2024/07/01 04:48:29 PM,Excelsior,11,INGLESIDE
20230826,230359093,37.802376295760929,-122.43149769980374,2023,2023/06/05,12:37:00,2023/06/05 12:37:00 PM,2023/05/24,16:36:00,2023/05/24 04:36:00 PM,Laguna and Francisco Sts,84,Female,Pedestrian,Pedestrian vs Motor Vehicle,City Street,false,false,true,false,false,POINT (-122.4314977 37.802376296),2024/07/01 04:48:29 PM,Marina,2,NORTHERN
20230753,230354413,37.799000050102421,-122.44264789723242,2023,2023/05/23,01:36:00,2023/05/23 01:36:00 AM,2023/05/23,01:05:00,2023/05/23 01:05:00 AM,Lombard and Divisadero Sts,51,Male,Pedestrian,Pedestrian vs Motor Vehicle,City Street,true,false,true,true,false,POINT (-122.442647897 37.79900005),2024/07/01 04:48:29 PM,Marina,2,NORTHERN
20230755,230355154,37.765783298781656,-122.40753422960650,2023,2023/05/23,10:51:00,2023/05/23 10:51:00 AM,2023/05/23,10:21:00,2023/05/23 10:21:00 AM,16th and Potrero Sts,58,Male,Pedestrian,Pedestrian vs Motor Vehicle,City Street,true,true,true,true,false,POINT (-122.40753423 37.765783299),2024/07/01 04:48:29 PM,Mission,9,MISSION
20230816,230382094,37.771230180803308,-122.42026471652223,2023,2023/06/03,03:47:00,2023/06/03 03:47:00 AM,2023/06/02,21:39:00,2023/06/02 09:39:00 PM,Otis St between Gough and McCoppin Sts and Duboce Avenue,23,Male,Standup Powered Device Rider,e-Scooter vs. Vehicle,City Street,false,true,true,false,true,POINT (-122.420264717 37.771230181),2024/07/01 04:48:29 PM,Mission,6,SOUTHERN
20230911,,37.746157128152682,-122.38717421911912,2023,2023/06/24,15:00:00,2023/06/24 03:00:00 PM,2023/06/24,14:43:00,2023/06/24 02:43:00 PM,"3rd St, Arthur Ave, and Cargo Way",24,Male,Driver,Motor Vehicle Collision,City Street,true,false,true,true,false,POINT (-122.387174219 37.746157128),2024/07/01 04:48:29 PM,Bayview Hunters Point,10,BAYVIEW
20230975,230474726,37.761967528422105,-122.41717893595887,2023,2023/07/09,02:47:00,2023/07/09 02:47:00 AM,2023/07/09,02:40:00,2023/07/09 02:40:00 AM,18th St and South Van Ness Ave,28,Male,Pedestrian,Pedestrian vs Motorcycle,City Street,true,true,true,true,false,POINT (-122.417178936 37.761967528),2024/07/01 04:48:29 PM,Mission,9,MISSION
20231011,230472899,37.785915202348271,-122.40553619815601,2023,2023/07/14,21:10:00,2023/07/14 09:10:00 PM,2023/07/08,10:55:00,2023/07/08 10:55:00 AM,"Market St, 100 feet east of 4th and Stockton Sts",55,Male,Pedestrian,e-Scooter vs. Pedestrian,City Street,true,false,true,true,false,POINT (-122.405536198 37.785915202),2024/07/01 04:48:29 PM,Financial District/South Beach,6,SOUTHERN
20230550,230251223,37.787232209378764,-122.41326394102025,2023,2023/04/11,12:47:00,2023/04/11 12:47:00 PM,2023/04/11,12:13:00,2023/04/11 12:13:00 PM,Jones St between Post and and Geary Sts.,66,Male,Pedestrian,Pedestrian vs Motor Vehicle,City Street,true,true,true,true,true,POINT (-122.413263941 37.787232209),2024/07/01 04:48:29 PM,Tenderloin,3,CENTRAL
292,200725327,37.765605838882323,-122.41048668921316,2020,2020/12/01,20:08:00,2020/12/01 08:08:00 PM,2020/12/01,,2020/12/01 12:00:00 AM,16th Street and Bryant Street,33,Male,Standup Powered Device Rider,e-Scooter vs Motor Vehicle,City Street,true,true,true,true,false,POINT (-122.410486689 37.765605839),2024/07/01 04:48:29 PM,Mission,9,MISSION
52,140151442,37.788906284061170,-122.43383965446185,2014,2014/02/20,17:50:00,2014/02/20 05:50:00 PM,2014/02/20,15:10:00,2014/02/20 03:10:00 PM,California St and Fillmore St,90,Female,Pedestrian,Pedestrian vs Motor Vehicle,City Street,true,false,true,false,false,POINT (-122.433839654 37.788906284),2024/07/01 04:48:29 PM,Pacific Heights,2,NORTHERN
177,190309215,37.785247526799992,-122.43987261299998,2019,2019/05/01,,2019/05/01 12:00:00 AM,2019/05/01,,2019/05/01 12:00:00 AM,Divisadero Street and Sutter Street,77,Female,Pedestrian,Pedestrian vs Motor Vehicle,City Street,true,true,true,true,true,POINT (-122.439872613 37.785247527),2024/07/01 04:48:29 PM,Japantown,5,RICHMOND
58,150220770,37.765605335067683,-122.47266102845582,2015,2015/03/12,09:50:00,2015/03/12 09:50:00 AM,2015/03/12,09:39:00,2015/03/12 09:39:00 AM,1341 Lincoln Way,26,Male,Motorcyclist,Motorcycle Collision,City Street,true,false,true,false,false,POINT (-122.472661028 37.765605335),2024/07/01 04:48:29 PM,Inner Sunset,7,TARAVAL
89,160664845,37.728278136891049,-122.44600623668487,2016,2016/08/23,01:04:00,2016/08/23 01:04:00 AM,2016/08/17,14:29:00,2016/08/17 02:29:00 PM,IFO 162 Judson Avenue,48,Male,Driver,Motor Vehicle Collision,City Street,false,false,true,false,false,POINT (-122.446006237 37.728278137),2024/07/01 04:48:29 PM,West of Twin Peaks,7,INGLESIDE
20220644,220332736,37.771982947529494,-122.49704682195662,2022,2022/05/21,21:48:00,2022/05/21 09:48:00 PM,2022/05/21,15:38:00,2022/05/21 03:38:00 PM,37th Ave at Fulton St,81,Female,Pedestrian,Pedestrian vs Motor Vehicle,City Street,false,false,true,true,false,POINT (-122.497046822 37.771982948),2024/07/01 04:48:29 PM,Golden Gate Park,1,RICHMOND
130,170810464,37.773635296379524,-122.44092179249878,2017,2017/10/04,23:09:00,2017/10/04 11:09:00 PM,2017/10/04,17:22:00,2017/10/04 05:22:00 PM,Baker Street at Fell Street,90,Male,Pedestrian,Pedestrian vs Motor Vehicle,City Street,true,false,true,true,false,POINT (-122.440921792 37.773635296),2024/07/01 04:48:29 PM,Hayes Valley,5,PARK
154,180580679,37.781213477799987,-122.45999965800002,2018,2018/08/16,20:50:00,2018/08/16 08:50:00 PM,2018/08/04,01:23:00,2018/08/04 01:23:00 AM,Arguello Boulevard and Geary Boulevard,54,Male,Pedestrian,Pedestrian vs Motor Vehicle,City Street,true,false,true,true,false,POINT (-122.459999658 37.781213478),2024/07/01 04:48:29 PM,Inner Richmond,1,RICHMOND
110,160546635,37.781794759992593,-122.49238374613607,2016,2016/07/06,13:38:00,2016/07/06 01:38:00 PM,2016/07/06,13:15:00,2016/07/06 01:15:00 PM,182 32nd Avenue,75,Male,Driver,Motor Vehicle Collision,City Street,false,false,true,false,true,POINT (-122.492383746 37.78179476),2024/07/01 04:48:29 PM,Outer Richmond,1,RICHMOND
20220604,220316439,37.784657140809529,-122.41443019808900,2022,2022/05/15,01:57:00,2022/05/15 01:57:00 AM,2022/05/15,01:30:00,2022/05/15 01:30:00 AM,Ellis St at Leavenworth St,58,Male,Pedestrian,Pedestrian vs Motor Vehicle,City Street,true,true,true,true,true,POINT (-122.414430198 37.784657141),2024/07/01 04:48:29 PM,Tenderloin,5,TENDERLOIN
27,150492612,37.718279389170895,-122.42583481727074,2015,2015/06/05,21:15:00,2015/06/05 09:15:00 PM,2015/06/05,21:01:00,2015/06/05 09:01:00 PM,Persia Ave East of Sunnydale Ave,23,Male,Bicyclist,Bicycle vs Motor Vehicle,City Street,false,true,true,true,true,POINT (-122.425834817 37.718279389),2024/07/01 04:48:29 PM,McLaren Park,11,INGLESIDE
20220286,220146446,37.719830982101200,-122.43794063828129,2022,2022/03/04,21:06:00,2022/03/04 09:06:00 PM,2022/03/04,20:44:00,2022/03/04 08:44:00 PM,IFO 32 France St,47,Male,Pedestrian,Pedestrian vs Motor Vehicle,City Street,false,true,true,false,false,POINT (-122.437940638 37.719830982),2024/07/01 04:48:29 PM,Excelsior,11,INGLESIDE
2,140755533,37.725475650181380,-122.39424349328118,2014,2014/09/08,16:38:00,2014/09/08 04:38:00 PM,2014/09/08,05:10:00,2014/09/08 05:10:00 AM,3rd St at Carrol Ave,71,Male,Pedestrian,Pedestrian vs LRV,City Street,true,true,true,true,true,POINT (-122.394243493 37.72547565),2024/07/01 04:48:29 PM,Bayview Hunters Point,10,BAYVIEW
115,160983112,37.731339956630507,-122.45572119545680,2016,2016/12/03,22:58:00,2016/12/03 10:58:00 PM,2016/12/03,17:27:00,2016/12/03 05:27:00 PM,Monterey Blvd and Valdez Avenue,64,Female,Pedestrian,Pedestrian vs Motor Vehicle,City Street,true,false,true,false,false,POINT (-122.455721195 37.731339957),2024/07/01 04:48:29 PM,West of Twin Peaks,7,INGLESIDE
60,150217761,37.780037953454027,-122.48580757633047,2015,2015/03/11,15:55:00,2015/03/11 03:55:00 PM,2015/03/11,10:47:00,2015/03/11 10:47:00 AM,26th Ave and Geary Blvd,87,Male,Pedestrian,Pedestrian vs Motor Vehicle,City Street,true,false,true,false,false,POINT (-122.485807576 37.780037953),2024/07/01 04:48:29 PM,Outer Richmond,1,RICHMOND
64,140145241,37.768963382757128,-122.49781067134121,2014,2014/02/18,19:17:00,2014/02/18 07:17:00 PM,2014/02/18,17:14:00,2014/02/18 05:14:00 PM,John F Kennedy Drive and Spreckels Lake Dr,53,Male,Motorcyclist,Motorcycle Collision,City Street,true,false,true,false,false,POINT (-122.497810671 37.768963383),2024/07/01 04:48:29 PM,Golden Gate Park,1,RICHMOND
132,170914715,37.781932173603650,-122.46542291532747,2017,2017/11/09,17:55:00,2017/11/09 05:55:00 PM,2017/11/09,12:19:00,2017/11/09 12:19:00 PM,7th Avenue and Geary Boulevard,78,Female,Pedestrian,Pedestrian vs Motor Vehicle,City Street,false,false,true,false,false,POINT (-122.465422915 37.781932174),2024/07/01 04:48:29 PM,Inner Richmond,1,RICHMOND
173,190151044,37.746436191100000,-122.45609678700000,2019,2019/03/04,,2019/03/04 12:00:00 AM,2019/03/01,12:25:00,2019/03/01 12:25:00 PM,IFO 255 Woodside Ave,37,Male,Pedestrian,Pedestrian vs Motor Vehicle,City Street,false,false,true,false,false,POINT (-122.456096787 37.746436191),2024/07/01 04:48:29 PM,West of Twin Peaks,7,PARK
20220335,220159314,37.800814144299238,-122.43627391011705,2022,2022/03/14,13:53:00,2022/03/14 01:53:00 PM,2022/03/10,09:30:00,2022/03/10 09:30:00 AM,Chestnut St at Fillmore St,84,Female,Pedestrian,Pedestrian vs Motor Vehicle,City Street,false,false,true,false,false,POINT (-122.43627391 37.800814144),2024/07/01 04:48:29 PM,Marina,2,NORTHERN
20220356,220182462,37.741729176208274,-122.40632182280069,2022,2022/03/20,09:25:00,2022/03/20 09:25:00 AM,2022/03/20,08:58:00,2022/03/20 08:58:00 AM,IFO 370 Bay Shore Blvd,67,Male,Motorcyclist,Motorcycle vs Motor Vehicle,City Street,true,false,true,true,false,POINT (-122.406321823 37.741729176),2024/07/01 04:48:29 PM,Bernal Heights,9,BAYVIEW
54,140939527,37.801303719764427,-122.42453832553356,2014,2014/11/06,,2014/11/06 12:00:00 AM,2014/11/06,06:10:00,2014/11/06 06:10:00 AM,Lombard St and Van Ness Ave,51,Female,Pedestrian,Pedestrian vs Motor Vehicle,City Street,true,false,true,true,false,POINT (-122.424538326 37.80130372),2024/07/01 04:48:29 PM,Marina,3,NORTHERN
105,160469247,37.785460258951609,-122.42302314844368,2016,2016/06/09,10:54:00,2016/06/09 10:54:00 AM,2016/06/09,,2016/06/09 12:00:00 AM,Franklin Street at Geary Blvd,86,Female,Pedestrian,Pedestrian vs Bus (Paratransit),City Street,true,false,true,true,false,POINT (-122.423023148 37.785460259),2024/07/01 04:48:29 PM,Western Addition,2,NORTHERN
20220649,220335081,37.786248151527644,-122.40202541982279,2022,2022/05/22,16:40:00,2022/05/22 04:40:00 PM,2022/05/22,16:30:00,2022/05/22 04:30:00 PM,3rd St at Mission St,31,Female,Pedestrian,Pedestrian vs Motor Vehicle,City Street,true,false,true,true,false,POINT (-122.40202542 37.786248152),2024/07/01 04:48:29 PM,Financial District/South Beach,6,SOUTHERN
20220650,220335081,37.786248151527644,-122.40202541982279,2022,2022/05/22,16:40:00,2022/05/22 04:40:00 PM,2022/05/22,16:30:00,2022/05/22 04:30:00 PM,3rd St at Mission St,72,Female,Pedestrian,Pedestrian vs Motor Vehicle,City Street,true,false,true,true,false,POINT (-122.40202542 37.786248152),2024/07/01 04:48:29 PM,Financial District/South Beach,6,SOUTHERN
42,140627863,37.787663598787731,-122.41335396337803,2014,2014/08/16,16:05:00,2014/08/16 04:05:00 PM,2014/07/28,22:18:00,2014/07/28 10:18:00 PM,Post St and Jones St,29,Male,Pedestrian,Pedestrian vs Motor Vehicle,City Street,true,true,true,true,true,POINT (-122.413353963 37.787663599),2024/07/01 04:48:29 PM,Tenderloin,3,CENTRAL
45,140930092,37.783310889892711,-122.41752877316820,2014,2014/11/03,09:46:00,2014/11/03 09:46:00 AM,2014/11/03,00:47:00,2014/11/03 12:47:00 AM,Larkin St and Eddy St,54,Male,Pedestrian,Pedestrian vs Motor Vehicle,City Street,true,true,true,true,true,POINT (-122.417528773 37.78331089),2024/07/01 04:48:29 PM,Tenderloin,5,NORTHERN
114,160976537,37.799000050102421,-122.44264789723242,2016,2016/12/01,12:37:00,2016/12/01 12:37:00 PM,2016/12/01,11:49:00,2016/12/01 11:49:00 AM,Lombard Street and Divisadero Street,45,Male,Driver,Motor Vehicle Collision,City Street,true,false,true,true,false,POINT (-122.442647897 37.79900005),2024/07/01 04:48:29 PM,Marina,2,NORTHERN
158,180709227,37.774968620999964,-122.41319079200001,2018,2018/09/18,23:52:00,2018/09/18 11:52:00 PM,2018/09/18,23:40:00,2018/09/18 11:40:00 PM,1300 Block of Howard Street at Washburn Street,61,Male,Pedestrian,Pedestrian vs Motor Vehicle,City Street,false,true,true,true,true,POINT (-122.413190792 37.774968621),2024/07/01 04:48:29 PM,South of Market,6,SOUTHERN
20231179,230578817,37.776332976391906,-122.39403506437233,2023,2023/08/15,17:59:00,2023/08/15 05:59:00 PM,2023/08/15,17:15:00,2023/08/15 05:15:00 PM,4th St and King St,4,Female,Pedestrian,Pedestrian vs Motor Vehicle,City Street,true,false,true,true,false,POINT (-122.394035064 37.776332976),2024/07/01 04:48:29 PM,Mission Bay,6,SOUTHERN
297,,37.788007160701063,-122.39979802371960,2020,2020/12/31,,2020/12/31 12:00:00 AM,2020/12/31,,2020/12/31 12:00:00 AM,Mission Street and 2nd Street,27,Female,Pedestrian,Pedestrian vs Motor Vehicle,City Street,true,false,true,true,false,POINT (-122.399798024 37.788007161),2024/07/01 04:48:29 PM,Financial District/South Beach,6,SOUTHERN
68,150762744,37.733898286686106,-122.40690604230539,2015,2015/09/20,12:46:00,2015/09/20 12:46:00 PM,2015/08/31,07:26:00,2015/08/31 07:26:00 AM,21 Gaven St,64,Male,Pedestrian,Pedestrian vs Motor Vehicle,City Street,false,true,true,false,false,POINT (-122.406906042 37.733898287),2024/07/01 04:48:29 PM,Portola,9,BAYVIEW
301,210043288,37.752046809823057,-122.42159515181199,2021,2021/01/23,03:54:00,2021/01/23 03:54:00 AM,2021/01/19,20:31:00,2021/01/19 08:31:00 PM,24th Street and San Jose Avenue,85,Male,Pedestrian,Pedestrian vs Motor Vehicle,City Street,false,false,true,true,false,POINT (-122.421595152 37.75204681),2024/07/01 04:48:29 PM,Mission,8,MISSION
50,140125356,37.795562589315224,-122.42348293381139,2014,2014/02/12,01:00:00,2014/02/12 01:00:00 AM,2014/02/12,00:54:00,2014/02/12 12:54:00 AM,2000 Block of Van Ness Ave,35,Male,Pedestrian,Pedestrian vs Motor Vehicle,City Street,true,false,true,true,false,POINT (-122.423482934 37.795562589),2024/07/01 04:48:29 PM,Pacific Heights,2,NORTHERN
322,210580951,37.784349269283200,-122.40930917933535,2021,2021/09/08,23:45:00,2021/09/08 11:45:00 PM,2021/09/08,23:14:00,2021/09/08 11:14:00 PM,Mason Street at Eddy Street,42,Male,Motorcyclist,Motorcycle vs Motor Vehicle,City Street,true,true,true,true,true,POINT (-122.409309179 37.784349269),2024/07/01 04:48:29 PM,Tenderloin,5,TENDERLOIN
109,160507449,37.777977086936716,-122.40938700577829,2016,2016/06/22,20:56:00,2016/06/22 08:56:00 PM,2016/06/22,20:20:00,2016/06/22 08:20:00 PM,Howard Street at 7th Street,26,Female,Bicyclist,Bicycle vs Motor Vehicle,City Street,true,true,true,true,true,POINT (-122.409387006 37.777977087),2024/07/01 04:48:29 PM,South of Market,6,SOUTHERN
231,190824207,37.760224554099977,-122.41701218500000,2019,2019/10/31,,2019/10/31 12:00:00 AM,2019/10/31,15:26:00,2019/10/31 03:26:00 PM,South Van Ness Ave at 19th St,69,Female,Pedestrian,Pedestrian vs Motor Vehicle,City Street,true,true,true,true,true,POINT (-122.417012185 37.760224554),2024/07/01 04:48:29 PM,Mission,9,MISSION
95,160206566,37.797426874417994,-122.41029600766437,2016,2016/03/11,06:02:00,2016/03/11 06:02:00 AM,2016/03/11,,2016/03/11 12:00:00 AM,Across from 814 Broadway,62,Male,Pedestrian,Pedestrian vs Motor Vehicle,City Street,false,true,true,true,true,POINT (-122.410296008 37.797426874),2024/07/01 04:48:29 PM,Chinatown,3,CENTRAL
46,150959361,37.787264103317248,-122.41664251440677,2015,2015/11/06,10:47:00,2015/11/06 10:47:00 AM,2015/11/03,05:39:00,2015/11/03 05:39:00 AM,Hyde St north of Post St,25,Male,Pedestrian,Pedestrian vs Motor Vehicle,City Street,true,true,true,true,true,POINT (-122.416642514 37.787264103),2024/07/01 04:48:29 PM,Nob Hill,3,CENTRAL
88,160619668,37.787562476026331,-122.40663338852390,2016,2016/08/01,17:05:00,2016/08/01 05:05:00 PM,2016/08/01,16:08:00,2016/08/01 04:08:00 PM,Geary Street and Stockton Street,60,Male,Pedestrian,Pedestrian vs Motorcycle,City Street,false,true,true,true,true,POINT (-122.406633389 37.787562476),2024/07/01 04:48:29 PM,Financial District/South Beach,3,CENTRAL
17,140104811,37.778251017077210,-122.41988323057839,2014,2014/02/06,10:20:00,2014/02/06 10:20:00 AM,2014/02/05,02:26:00,2014/02/05 02:26:00 AM,Van Ness Ave and Grove St,53,Male,Pedestrian,Pedestrian vs Motor Vehicle,City Street,true,false,true,true,true,POINT (-122.419883231 37.778251017),2024/07/01 04:48:29 PM,Hayes Valley,5,NORTHERN
170,190151981,37.718776863099976,-122.42070336200000,2019,2019/03/01,,2019/03/01 12:00:00 AM,2019/03/01,19:05:00,2019/03/01 07:05:00 PM,Mansell Street and Brazil Avenue near Persia Avenue,45,Male,Driver,Motor Vehicle Collision,City Street,false,true,true,false,true,POINT (-122.420703362 37.718776863),2024/07/01 04:48:29 PM,McLaren Park,10,INGLESIDE
8,151016065,37.733828591925793,-122.43132791574980,2015,2015/11/21,02:20:00,2015/11/21 02:20:00 AM,2015/11/22,02:20:00,2015/11/22 02:20:00 AM,San Jose Ave near Monterey Ave exit,60,Male,Motorcyclist,Motorcycle vs Motor Vehicle,City Street,false,false,true,false,false,POINT (-122.431327916 37.733828592),2024/07/01 04:48:29 PM,Glen Park,8,INGLESIDE
122,170503211,37.729775575997181,-122.43338684426985,2017,2017/06/20,19:09:00,2017/06/20 07:09:00 PM,2017/06/20,18:00:00,2017/06/20 06:00:00 PM,Silver Avenue at Alemany Boulevard,51,Male,Bicyclist,Bicycle vs Motor Vehicle,City Street,true,false,true,true,false,POINT (-122.433386844 37.729775576),2024/07/01 04:48:29 PM,Outer Mission,11,INGLESIDE
131,170891038,37.733836028772913,-122.49334653342359,2017,2017/10/31,20:25:00,2017/10/31 08:25:00 PM,2017/10/31,20:25:00,2017/10/31 08:25:00 PM,1800 Block of Sloat Boulevard,47,Male,Pedestrian,Pedestrian vs Motor Vehicle,City Street,false,false,true,true,false,POINT (-122.493346533 37.733836029),2024/07/01 04:48:29 PM,Sunset/Parkside,4,TARAVAL
137,170996597,37.748625411067671,-122.47601813686768,2017,2017/12/09,16:35:00,2017/12/09 04:35:00 PM,2017/12/09,16:35:00,2017/12/09 04:35:00 PM,19th Avenue and Quintara Street,69,Female,Pedestrian,Pedestrian vs Motor Vehicle,City Street,true,false,true,true,false,POINT (-122.476018137 37.748625411),2024/07/01 04:48:29 PM,West of Twin Peaks,7,TARAVAL
120,170348073,37.770656736727865,-122.38948328106477,2017,2017/04/28,16:23:00,2017/04/28 04:23:00 PM,2017/04/28,11:28:00,2017/04/28 11:28:00 AM,3rd Street and Mission Bay Blvd South,25,Male,Bicyclist,Bicycle vs Motor Vehicle,City Street,false,false,true,true,false,POINT (-122.389483281 37.770656737),2024/07/01 04:48:29 PM,Mission Bay,6,BAYVIEW
151,180530204,37.734006951099992,-122.49338000400002,2018,2018/07/17,12:11:00,2018/07/17 12:11:00 PM,2018/07/17,10:06:00,2018/07/17 10:06:00 AM,36th Avenue at Sloat Boulevard,69,Male,Pedestrian,Pedestrian vs Motor Vehicle,City Street,false,false,true,true,false,POINT (-122.493380004 37.734006951),2024/07/01 04:48:29 PM,Sunset/Parkside,4,TARAVAL
159,180710860,37.738881707799983,-122.41457612800000,2018,2018/09/20,02:20:00,2018/09/20 02:20:00 AM,2018/09/19,14:49:00,2018/09/19 02:49:00 PM,Cortland Avenue and Ellsworth Street,75,Female,Pedestrian,Pedestrian vs Motor Vehicle,City Street,false,false,true,true,false,POINT (-122.414576128 37.738881708),2024/07/01 04:48:29 PM,Bernal Heights,9,INGLESIDE
20220687,220357643,37.774824794785772,-122.42413649922550,2022,2022/06/01,04:17:00,2022/06/01 04:17:00 AM,2022/06/01,04:05:00,2022/06/01 04:05:00 AM,Octavia Blvd at Oak St,31,Male,Standup Powered Device Rider,e-Scooter vs. Vehicle,City Street,true,true,true,true,false,POINT (-122.424136499 37.774824795),2024/07/01 04:48:29 PM,Hayes Valley,5,NORTHERN
22,140897094,37.779447983157446,-122.41842794961616,2014,2014/10/23,14:05:00,2014/10/23 02:05:00 PM,2014/10/23,15:16:00,2014/10/23 03:16:00 PM,IFO 301 Bryant St,27,Male,Bicyclist,Bicycle Collision,City Street,false,false,true,false,true,POINT (-122.41842795 37.779447983),2024/07/01 04:48:29 PM,Tenderloin,5,NORTHERN
72,140792717,37.793142035465678,-122.40771972683683,2014,2014/09/20,09:55:00,2014/09/20 09:55:00 AM,2014/09/20,09:53:00,2014/09/20 09:53:00 AM,IFO 770 Stockton St,78,Female,Pedestrian,Pedestrian vs Motor Vehicle,City Street,true,true,true,false,true,POINT (-122.407719727 37.793142035),2024/07/01 04:48:29 PM,Chinatown,3,CENTRAL
117,161004191,37.773759700487500,-122.40851633075715,2016,2016/12/14,19:55:00,2016/12/14 07:55:00 PM,2016/12/11,19:55:00,2016/12/11 07:55:00 PM,8th Street and Harrison Street,70,Male,Bicyclist,Bicycle vs Motor Vehicle,City Street,true,true,true,true,true,POINT (-122.408516331 37.7737597),2024/07/01 04:48:29 PM,South of Market,6,SOUTHERN
304,210092188,37.718584929985028,-122.39204998252886,2021,2021/02/10,10:24:00,2021/02/10 10:24:00 AM,2021/02/10,10:11:00,2021/02/10 10:11:00 AM,Ingerson Avenue and Redondo Street,12,Male,Pedestrian,Pedestrian vs Motor Vehicle,City Street,false,true,true,false,true,POINT (-122.392049983 37.71858493),2024/07/01 04:48:29 PM,Bayview Hunters Point,10,BAYVIEW
164,180862035,37.726979832199994,-122.39357015699998,2018,2018/12/02,04:05:00,2018/12/02 04:05:00 AM,2018/11/13,12:00:00,2018/11/13 12:00:00 PM,3rd Street and Armstrong Avenue,83,Female,Pedestrian,Pedestrian vs Motor Vehicle,City Street,true,true,true,true,true,POINT (-122.393570157 37.726979832),2024/07/01 04:48:29 PM,Bayview Hunters Point,10,BAYVIEW
229,190752012,37.736288394199995,-122.37716595200000,2019,2019/10/06,,2019/10/06 12:00:00 AM,2019/10/06,15:39:00,2019/10/06 03:39:00 PM,Hunters Point Blvd at Evans Ave,50,Male,Driver,Motor Vehicle Collision,City Street,false,true,true,true,true,POINT (-122.377165952 37.736288394),2024/07/01 04:48:29 PM,Bayview Hunters Point,10,BAYVIEW
335,210833590,37.787548139743535,-122.42175810440789,2021,2021/12/17,10:00:00,2021/12/17 10:00:00 AM,2021/12/17,09:47:00,2021/12/17 09:47:00 AM,Van Ness Ave at Sutter St,26,Male,Motorcyclist,Motorcycle Collision,City Street,true,true,true,true,true,POINT (-122.421758104 37.78754814),2024/07/01 04:48:29 PM,Nob Hill,3,NORTHERN
20231175,230576617,37.775514089957284,-122.40629588395058,2023,2023/08/14,23:29:00,2023/08/14 11:29:00 PM,2023/08/14,22:42:00,2023/08/14 10:42:00 PM,7th St and Harrison St,69,Male,Pedestrian,Pedestrian vs Motor Vehicle,City Street,false,true,true,false,true,POINT (-122.406295884 37.77551409),2024/07/01 04:48:29 PM,South of Market,6,SOUTHERN
20231318,230650415,37.741764681439271,-122.50462044625178,2023,2023/09/11,13:55:00,2023/09/11 01:55:00 PM,2023/09/11,08:07:00,2023/09/11 08:07:00 AM,46th Ave and Taraval St,80,Female,Pedestrian,Pedestrian vs Motor Vehicle,City Street,false,false,true,false,false,POINT (-122.504620446 37.741764681),2024/07/01 04:48:29 PM,Sunset/Parkside,4,TARAVAL
20231130,230552140,37.776478644160051,-122.41862179036411,2023,2023/08/06,00:32:00,2023/08/06 12:32:00 AM,2023/08/06,00:10:00,2023/08/06 12:10:00 AM,Fell St btwn Van Ness Ave and Market St,49,Male,Pedestrian,Pedestrian vs Motor Vehicle,City Street,false,false,true,false,true,POINT (-122.41862179 37.776478644),2024/07/01 04:48:29 PM,Tenderloin,6,NORTHERN
276,200367474,37.766062487197232,-122.47736282965313,2020,2020/06/18,17:15:00,2020/06/18 05:15:00 PM,2020/06/18,16:38:00,2020/06/18 04:38:00 PM,Crossover Drive and Martin Luther King Jr. Drive,53,Male,Motorcyclist,Motorcycle vs Motor Vehicle,City Street,false,false,true,false,false,POINT (-122.47736283 37.766062487),2024/07/01 04:48:29 PM,Golden Gate Park,4,RICHMOND
274,200324214,37.765991207374860,-122.45596768013012,2020,2020/05/29,08:07:00,2020/05/29 08:07:00 AM,2020/05/29,07:30:00,2020/05/29 07:30:00 AM,Westbound 600 block of Frederick Street,31,Male,Bicyclist,Bicycle vs Motor Vehicle,City Street,false,false,true,false,false,POINT (-122.45596768 37.765991207),2024/07/01 04:48:29 PM,Inner Sunset,8,PARK
162,180839573,37.797493152099989,-122.40968904400000,2018,2018/11/05,07:18:00,2018/11/05 07:18:00 AM,2018/11/05,06:00:00,2018/11/05 06:00:00 AM,Powell Street and Broadway Street,23,Female,Motorcyclist,Motorcycle vs Motor Vehicle,City Street,true,true,true,true,true,POINT (-122.409689044 37.797493152),2024/07/01 04:48:29 PM,Chinatown,3,CENTRAL
287,200616209,37.777253918189921,-122.45858063001226,2020,2020/10/13,01:11:00,2020/10/13 01:11:00 AM,2020/10/13,00:38:00,2020/10/13 12:38:00 AM,Turk Boulevard and Arguello Boulevard,57,Male,Driver,Motor Vehicle Collision,City Street,true,false,true,false,false,POINT (-122.45858063 37.777253918),2024/07/01 04:48:29 PM,Lone Mountain/USF,1,RICHMOND
278,200431392,37.747131957061569,-122.40169562533889,2020,2020/07/19,12:07:00,2020/07/19 12:07:00 PM,2020/07/19,11:59:00,2020/07/19 11:59:00 AM,Bayshore Boulevard and Jerrold Avenue,53,Male,Pedestrian,Pedestrian vs Motor Vehicle,City Street,false,false,true,false,false,POINT (-122.401695625 37.747131957),2024/07/01 04:48:29 PM,Bayview Hunters Point,10,BAYVIEW
316,210312431,37.790973191599711,-122.41739133542130,2021,2019/06/15,22:29:00,2019/06/15 10:29:00 PM,2021/05/21,11:14:00,2021/05/21 11:14:00 AM,California Street and Hyde Street,25,Male,Motorcyclist,Motorcycle Collision,City Street,true,false,true,true,false,POINT (-122.417391335 37.790973192),2024/07/01 04:48:29 PM,Nob Hill,3,CENTRAL
317,210330706,37.765314639540918,-122.41530838931413,2021,2021/06/25,14:48:00,2021/06/25 02:48:00 PM,2021/05/28,21:22:00,2021/05/28 09:22:00 PM,16th Street and Folsom Street,72,Female,Pedestrian,Pedestrian vs Motor Vehicle,City Street,true,false,true,true,false,POINT (-122.415308389 37.76531464),2024/07/01 04:48:29 PM,Mission,9,MISSION
319,210517472,37.712766595535832,-122.43192723554509,2021,2021/08/13,22:52:00,2021/08/13 10:52:00 PM,2021/08/13,22:14:00,2021/08/13 10:14:00 PM,Geneva Avenue and Prague Street,32,Male,Motorcyclist,Motorcycle vs Motor Vehicle,City Street,true,false,true,true,false,POINT (-122.431927236 37.712766596),2024/07/01 04:48:29 PM,Excelsior,11,INGLESIDE
307,210137687,37.716459545517793,-122.44101956243939,2021,2021/03/02,22:40:00,2021/03/02 10:40:00 PM,2021/03/02,12:57:00,2021/03/02 12:57:00 PM,Geneva Avenue and Mission Street,79,Female,Pedestrian,Pedestrian vs Motor Vehicle,City Street,true,true,true,true,true,POINT (-122.441019562 37.716459546),2024/07/01 04:48:29 PM,Excelsior,11,INGLESIDE
11,140437844,37.733932557732722,-122.43036850132192,2014,2014/06/13,04:40:00,2014/06/13 04:40:00 AM,2014/05/25,20:56:00,2014/05/25 08:56:00 PM,1200 Block of San Jose Ave,34,Male,Pedestrian,Pedestrian vs LRV,City Street,true,false,true,false,false,POINT (-122.430368501 37.733932558),2024/07/01 04:48:29 PM,Outer Mission,8,INGLESIDE
29,140723552,37.738809953935544,-122.39500052747087,2014,2014/08/28,09:21:00,2014/08/28 09:21:00 AM,2014/08/28,09:04:00,2014/08/28 09:04:00 AM,Quint St and Newcomb Ave,52,Male,Pedestrian,Pedestrian vs Motor Vehicle,City Street,true,false,true,false,false,POINT (-122.395000527 37.738809954),2024/07/01 04:48:29 PM,Bayview Hunters Point,10,BAYVIEW
56,140049251,37.785940642780773,-122.44193933810685,2014,2014/01/19,10:54:00,2014/01/19 10:54:00 AM,2014/01/17,,2014/01/17 12:00:00 AM,Broderick St and Bush St,61,Male,Motorcyclist,Motorcycle vs Motor Vehicle,City Street,false,false,true,false,false,POINT (-122.441939338 37.785940643),2024/07/01 04:48:29 PM,Pacific Heights,2,RICHMOND
128,170773458,37.744184021960600,-122.39890223609919,2017,2017/09/22,02:25:00,2017/09/22 02:25:00 AM,2017/09/22,02:15:00,2017/09/22 02:15:00 AM,2075 Jerrold Avenue,56,Male,Pedestrian,Pedestrian vs Motor Vehicle,City Street,true,false,true,false,false,POINT (-122.398902236 37.744184022),2024/07/01 04:48:29 PM,Bayview Hunters Point,10,BAYVIEW
134,170674016,37.732454933214981,-122.41588443703345,2017,2017/08/18,18:12:00,2017/08/18 06:12:00 PM,2017/08/18,18:01:00,2017/08/18 06:01:00 PM,500 Block of Alemany Boulevard,49,Male,Motorcyclist,Motorcycle Collision,City Street,true,true,true,false,false,POINT (-122.415884437 37.732454933),2024/07/01 04:48:29 PM,Bernal Heights,9,INGLESIDE
15,150451420,37.775061720603851,-122.41564446723361,2015,2015/06/02,16:09:00,2015/06/02 04:09:00 PM,2015/05/23,23:36:00,2015/05/23 11:36:00 PM,10th Street at Mission St,51,Male,Pedestrian,Pedestrian vs Motor Vehicle,City Street,true,true,true,true,true,POINT (-122.415644467 37.775061721),2024/07/01 04:48:29 PM,South of Market,6,SOUTHERN
40,140931200,37.765515663046614,-122.41971369766406,2014,2014/11/03,13:15:00,2014/11/03 01:15:00 PM,2014/11/03,13:49:00,2014/11/03 01:49:00 PM,1984 Mission St,64,Male,Pedestrian,Pedestrian vs Motor Vehicle,City Street,true,true,true,true,true,POINT (-122.419713698 37.765515663),2024/07/01 04:48:29 PM,Mission,9,MISSION
47,140564970,37.787548139743535,-122.42175810440789,2014,2014/07/08,06:13:00,2014/07/08 06:13:00 AM,2014/07/08,01:49:00,2014/07/08 01:49:00 AM,Van Ness Ave and Sutter St,51,Male,Motorcyclist,Motorcycle vs Motor Vehicle,City Street,true,true,true,true,true,POINT (-122.421758104 37.78754814),2024/07/01 04:48:29 PM,Nob Hill,3,NORTHERN
41,140936056,37.783374533866159,-122.40950956089141,2014,2014/11/05,00:01:00,2014/11/05 12:01:00 AM,2014/11/04,23:50:00,2014/11/04 11:50:00 PM,IFO 34 Turk St,35,Male,Exterior Passenger,Motor Vehicle Collision,City Street,true,true,true,true,true,POINT (-122.409509561 37.783374534),2024/07/01 04:48:29 PM,Tenderloin,5,TENDERLOIN
20220999,220318297,37.712250862470974,-122.40191474827809,2022,2022/05/15,21:01:00,2022/05/15 09:01:00 PM,2022/05/15,21:01:00,2022/05/15 09:01:00 PM,Bayshore Blvd at Blanken St,62,Male,Pedestrian,Pedestrian vs LRV,City Street,false,false,true,true,false,POINT (-122.401914748 37.712250862),2024/07/01 04:48:29 PM,Bayview Hunters Point,10,BAYVIEW
20221297,220731586,37.744681183663452,-122.48118121488803,2022,2022/10/24,11:03:00,2022/10/24 11:03:00 AM,2022/10/24,10:45:00,2022/10/24 10:45:00 AM,24th Ave at Santiago St,66,Female,Pedestrian,Pedestrian vs Motor Vehicle,City Street,false,false,true,false,false,POINT (-122.481181215 37.744681184),2024/07/01 04:48:29 PM,Sunset/Parkside,4,TARAVAL
20231384,230654376,37.769958276920228,-122.41544857066103,2023,2023/09/24,23:47:00,2023/09/24 11:47:00 PM,2023/09/12,15:36:00,2023/09/12 03:36:00 PM,Folsom St north of 13th St,66,Male,Moped,Moped vs Motor Vehicle,City Street,true,false,true,true,false,POINT (-122.415448571 37.769958277),2024/07/01 04:48:29 PM,Mission,6,SOUTHERN
20231370,230676132,37.761700908871845,-122.42157840092688,2023,2023/09/20,20:40:00,2023/09/20 08:40:00 PM,2023/09/20,13:28:00,2023/09/20 01:28:00 PM,18th St and Valencia St,80,Male,Pedestrian,Pedestrian vs Motor Vehicle,City Street,true,true,true,true,false,POINT (-122.421578401 37.761700909),2024/07/01 04:48:29 PM,Mission,9,MISSION
20231412,,37.721534398756400,-122.40107412908972,2023,2023/09/30,16:20:00,2023/09/30 04:20:00 PM,2023/09/30,,2023/09/30 12:00:00 AM,Mansell St and San Bruno Ave,26,Male,Driver,Motor Vehicle Collision,City Street,true,true,true,true,false,POINT (-122.401074129 37.721534399),2024/07/01 04:48:29 PM,Portola,10,INGLESIDE
280,200457348,37.766062487197232,-122.47736282965313,2020,2020/08/02,13:16:00,2020/08/02 01:16:00 PM,2020/07/30,19:08:00,2020/07/30 07:08:00 PM,Martin Luther King Drive and 19th Avenue,23,Male,Pedestrian,Pedestrian Collision,City Street,false,false,true,false,false,POINT (-122.47736283 37.766062487),2024/07/01 04:48:29 PM,Golden Gate Park,4,RICHMOND
285,200539021,37.778836632741893,-122.44534673997646,2020,2020/09/07,14:32:00,2020/09/07 02:32:00 PM,2020/09/07,14:26:00,2020/09/07 02:26:00 PM,Turk Boulevard at Central Avenue,57,Male,Motorcyclist,Motorcycle vs Motor Vehicle,City Street,false,false,true,false,false,POINT (-122.44534674 37.778836633),2024/07/01 04:48:29 PM,Lone Mountain/USF,2,PARK
293,200752258,37.779455468491570,-122.49866461951135,2020,2020/12/01,19:05:00,2020/12/01 07:05:00 PM,2020/12/01,,2020/12/01 12:00:00 AM,38th Avenue and Geary Boulevard,68,Male,Pedestrian,Pedestrian vs Motor Vehicle,City Street,false,false,true,false,false,POINT (-122.49866462 37.779455468),2024/07/01 04:48:29 PM,Outer Richmond,1,RICHMOND
71,140684368,37.783632411668144,-122.40533868210548,2014,2014/08/15,23:50:00,2014/08/15 11:50:00 PM,2014/08/15,22:35:00,2014/08/15 10:35:00 PM,IFO 833 Mission St,2,Female,Pedestrian,Pedestrian vs Motor Vehicle,City Street,true,true,true,true,true,POINT (-122.405338682 37.783632412),2024/07/01 04:48:29 PM,South of Market,6,SOUTHERN
330,210712245,37.748240265302144,-122.38634829127088,2021,2021/10/30,12:55:00,2021/10/30 12:55:00 PM,2021/10/30,12:00:00,2021/10/30 12:00:00 PM,North of Illinois St Bridge,47,Male,Motorcyclist,Motorcycle Collision,City Street,false,false,false,false,false,POINT (-122.386348291 37.748240265),2024/07/01 04:48:29 PM,Bayview Hunters Point,10,BAYVIEW
69,140102586,37.735023413191506,-122.49401487671867,2014,2014/02/04,11:11:00,2014/02/04 11:11:00 AM,2014/02/04,,2014/02/04 12:00:00 AM,Sunset Blvd and  Yorba St,78,Male,Pedestrian,Pedestrian vs Motor Vehicle,City Street,true,false,true,false,false,POINT (-122.494014877 37.735023413),2024/07/01 04:48:29 PM,Sunset/Parkside,4,TARAVAL
288,200618722,37.773935372063484,-122.44609172631631,2020,2020/10/14,04:23:00,2020/10/14 04:23:00 AM,2020/10/14,,2020/10/14 12:00:00 AM,Masonic Avenue and Hayes Street,42,Male,Motorcyclist,Motorcycle vs Motor Vehicle,City Street,true,false,true,true,false,POINT (-122.446091726 37.773935372),2024/07/01 04:48:29 PM,Lone Mountain/USF,5,PARK
327,210689230,37.711776154088611,-122.38677439335919,2021,2021/10/20,23:30:00,2021/10/20 11:30:00 PM,2021/10/20,22:00:00,2021/10/20 10:00:00 PM,Jamestown Ave at Bill Walsh Way,23,Male,Driver,Motor Vehicle Collision,City Street,false,false,true,false,false,POINT (-122.386774393 37.711776154),2024/07/01 04:48:29 PM,Bayview Hunters Point,10,BAYVIEW
333,210786494,37.741729565830838,-122.38958103303904,2021,2021/11/29,06:20:00,2021/11/29 06:20:00 AM,2021/11/29,05:50:00,2021/11/29 05:50:00 AM,Phelps Street at Galvez Ave,80,Male,Pedestrian,Pedestrian vs Motor Vehicle,City Street,false,false,true,false,false,POINT (-122.389581033 37.741729566),2024/07/01 04:48:29 PM,Bayview Hunters Point,10,BAYVIEW
20230008,230002236,37.768353720688559,-122.40781348708222,2023,2023/01/01,22:45:00,2023/01/01 10:45:00 PM,2023/01/01,20:19:00,2023/01/01 08:19:00 PM,Alameda St and Potrero Ave,50,Female,Pedestrian,Pedestrian vs Motor Vehicle,City Street,true,true,true,true,false,POINT (-122.407813487 37.768353721),2024/07/01 04:48:29 PM,Mission,9,MISSION
20221535,220838160,37.714208198152953,-122.43617656917129,2022,2022/11/21,04:15:00,2022/11/21 04:15:00 AM,2022/12/06,22:13:00,2022/12/06 10:13:00 PM,Geneva Ave and Naples St,51,Male,Pedestrian,Pedestrian vs Motor Vehicle,City Street,false,true,true,false,true,POINT (-122.436176569 37.714208198),2024/07/01 04:48:29 PM,Excelsior,11,INGLESIDE
31,150871436,37.780074267734044,-122.39431960272452,2015,2015/10/12,21:09:00,2015/10/12 09:09:00 PM,2015/10/05,09:55:00,2015/10/05 09:55:00 AM,3rd Street and Brannan Sreet,72,Female,Pedestrian,Pedestrian vs Motor Vehicle,City Street,true,false,true,false,false,POINT (-122.394319603 37.780074268),2024/07/01 04:48:29 PM,South of Market,6,SOUTHERN
38,150623613,37.764842194392550,-122.41745397410034,2015,2015/07/23,21:25:00,2015/07/23 09:25:00 PM,2015/07/17,21:25:00,2015/07/17 09:25:00 PM,520 South Van Ness Ave,51,Male,Pedestrian,Pedestrian vs Motor Vehicle,City Street,true,true,true,true,true,POINT (-122.417453974 37.764842194),2024/07/01 04:48:29 PM,Mission,9,MISSION
20221093,9335-2022-01673,37.777272999092311,-122.40406999963325,2022,2022/09/08,05:19:00,2022/09/08 05:19:00 AM,2022/09/08,05:19:00,2022/09/08 05:19:00 AM,6th St and Harrison St,16,Male,Passenger,Motorcycle Collision,City Street,false,true,true,true,true,POINT (-122.40407 37.777272999),2024/07/01 04:48:29 PM,South of Market,6,SOUTHERN
20221323,,37.720303157809830,-122.41482548286515,2022,2022/10/28,12:10:00,2022/10/28 12:10:00 PM,2022/10/19,21:05:00,2022/10/19 09:05:00 PM,John McLaren Park,71,Male,Bicyclist,Bicycle Collision,City Street,false,true,false,false,true,POINT (-122.414825483 37.720303158),2024/07/01 04:48:29 PM,McLaren Park,9,INGLESIDE
20221109,220592861,37.796899747769260,-122.42196091076138,2022,2022/09/09,17:56:00,2022/09/09 05:56:00 PM,2022/09/01,18:25:00,2022/09/01 06:25:00 PM,Polk St at Vallejo St,95,Female,Pedestrian,Pedestrian vs Motor Vehicle,City Street,true,false,true,false,false,POINT (-122.421960911 37.796899748),2024/07/01 04:48:29 PM,Russian Hill,3,NORTHERN
220741632,220741632,37.769036136900560,-122.41342702246178,2022,2022/10/28,02:12:00,2022/10/28 02:12:00 AM,2022/10/25,01:45:00,2022/10/25 01:45:00 AM,Harrison St between 13th St and 14th St,48,Male,Motorcyclist,Motorcycle Collision,City Street,true,true,true,false,false,POINT (-122.413427022 37.769036137),2024/07/01 04:48:29 PM,Mission,9,MISSION
20231495,230749325,37.784753446242419,-122.42119297426265,2023,2023/10/19,00:57:00,2023/10/19 12:57:00 AM,2023/10/19,00:51:00,2023/10/19 12:51:00 AM,O'Farrell St and Van Ness Ave,61,Male,Pedestrian,Pedestrian vs. MUNI,City Street,true,true,true,true,true,POINT (-122.421192974 37.784753446),2024/07/01 04:48:29 PM,Tenderloin,5,NORTHERN
20231540,230771362,37.787245210020764,-122.41663869633355,2023,2023/10/28,11:05:00,2023/10/28 11:05:00 AM,2023/10/28,10:50:00,2023/10/28 10:50:00 AM,Hyde St and Post St,65,Male,Pedestrian,Pedestrian vs Motor Vehicle,City Street,true,true,true,true,true,POINT (-122.416638696 37.78724521),2024/07/01 04:48:29 PM,Nob Hill,3,CENTRAL
20220605,220307096,37.795949364247804,-122.43694967677271,2022,2022/05/15,15:50:00,2022/05/15 03:50:00 PM,2022/05/15,09:53:00,2022/05/15 09:53:00 AM,Steiner St at Green St,76,Female,Pedestrian,Pedestrian vs Motor Vehicle,City Street,false,false,true,false,false,POINT (-122.436949677 37.795949364),2024/07/01 04:48:29 PM,Marina,2,NORTHERN
289,200649216,37.788279732507235,-122.42359407220243,2020,2020/10/27,19:44:00,2020/10/27 07:44:00 PM,2020/10/27,19:03:00,2020/10/27 07:03:00 PM,Franklin Street at Bush Street,30,Male,Motorcyclist,Motorcycle vs Motor Vehicle,City Street,true,false,true,true,false,POINT (-122.423594072 37.788279733),2024/07/01 04:48:29 PM,Western Addition,2,NORTHERN
279,200428418,37.759029397916585,-122.42584342223283,2020,2020/07/17,18:00:00,2020/07/17 06:00:00 PM,2020/07/17,13:13:00,2020/07/17 01:13:00 PM,Dolores Street and Cumberland Street,23,Male,Bicyclist,Pedestrian vs Bicyclist,City Street,false,false,true,true,false,POINT (-122.425843422 37.759029398),2024/07/01 04:48:29 PM,Castro/Upper Market,8,MISSION
282,200491142,37.712667813235349,-122.43170128874021,2020,2020/08/15,20:31:00,2020/08/15 08:31:00 PM,2020/08/15,19:30:00,2020/08/15 07:30:00 PM,1500 block of Geneva Avenue at Prague Street,63,Male,Driver,Motor Vehicle Collision,City Street,true,false,true,true,false,POINT (-122.431701289 37.712667813),2024/07/01 04:48:29 PM,Excelsior,11,INGLESIDE
296,,37.788007160701063,-122.39979802371960,2020,2020/12/31,,2020/12/31 12:00:00 AM,2020/12/31,,2020/12/31 12:00:00 AM,Mission Street and 2nd Street,60,Female,Pedestrian,Pedestrian vs Motor Vehicle,City Street,true,false,true,true,false,POINT (-122.399798024 37.788007161),2024/07/01 04:48:29 PM,Financial District/South Beach,6,SOUTHERN
298,200788171,37.772909122755088,-122.42218643820335,2020,2021/01/19,,2021/01/19 12:00:00 AM,2020/12/30,,2020/12/30 12:00:00 AM,Gough Street and Market Street,81,Male,Motorcyclist,Motorcycle Collision,City Street,true,true,true,true,true,POINT (-122.422186438 37.772909123),2024/07/01 04:48:29 PM,Hayes Valley,6,SOUTHERN
300,210046204,37.709812446534329,-122.47102776375159,2021,2021/01/20,22:52:00,2021/01/20 10:52:00 PM,2021/01/20,22:38:00,2021/01/20 10:38:00 PM,Junipero Serra Blvd and Alemany Blvd,47,Male,Driver,Motor Vehicle Collision,City Street,true,true,true,true,false,POINT (-122.471027764 37.709812447),2024/07/01 04:48:29 PM,Oceanview/Merced/Ingleside,7,TARAVAL
36,140886401,37.735397647553810,-122.50142062100608,2014,2014/10/20,07:20:00,2014/10/20 07:20:00 AM,2014/10/20,06:57:00,2014/10/20 06:57:00 AM,Sloat Blvd and 43rd St,87,Male,Pedestrian,Pedestrian vs Motor Vehicle,City Street,true,true,true,false,false,POINT (-122.501420621 37.735397648),2024/07/01 04:48:29 PM,Lakeshore,7,TARAVAL
55,150777339,37.804354924778288,-122.42346605329129,2015,2015/09/05,00:20:00,2015/09/05 12:20:00 AM,2015/09/04,16:27:00,2015/09/04 04:27:00 PM,Bay St and Polk St,49,Female,Motorcyclist,Motorcycle vs Motor Vehicle,City Street,true,false,true,true,false,POINT (-122.423466053 37.804354925),2024/07/01 04:48:29 PM,Russian Hill,2,CENTRAL
35,150529845,37.794474255378681,-122.40480060929727,2015,2015/06/17,19:06:00,2015/06/17 07:06:00 PM,2015/06/17,18:00:00,2015/06/17 06:00:00 PM,Kearney at Clay St,77,Female,Pedestrian,Pedestrian vs Motor Vehicle,City Street,true,true,true,false,true,POINT (-122.404800609 37.794474255),2024/07/01 04:48:29 PM,Chinatown,3,CENTRAL
73,141056899,37.809367868356112,-122.37007498699556,2014,2014/12/16,14:28:00,2014/12/16 02:28:00 PM,2014/12/16,13:00:00,2014/12/16 01:00:00 PM,Treasure Island Road at Westbound I-80 onramp,20,Male,Motorcyclist,Motorcycle Collision,City Street,false,true,true,false,true,POINT (-122.370074987 37.809367868),2024/07/01 04:48:29 PM,Treasure Island,6,SOUTHERN
281,200480593,37.785354269046209,-122.42469094686636,2020,2020/08/11,07:08:00,2020/08/11 07:08:00 AM,2020/08/11,06:58:00,2020/08/11 06:58:00 AM,Geary Boulevard and Gough Street,50,Male,Pedestrian,Pedestrian vs Motor Vehicle,City Street,true,true,true,true,true,POINT (-122.424690947 37.785354269),2024/07/01 04:48:29 PM,Japantown,2,NORTHERN
20221632,220879277,37.806453952172717,-122.43639239245651,2022,2022/12/24,05:07:00,2022/12/24 05:07:00 AM,2022/12/24,05:18:00,2022/12/24 05:18:00 AM,Marina Blvd west of Webster St,24,Female,Driver,Motor Vehicle Collision,City Street,false,false,true,false,false,POINT (-122.436392392 37.806453952),2024/07/01 04:48:29 PM,Marina,2,NORTHERN
20221031,220750649,37.765867986121521,-122.43102547073026,2022,2022/10/31,11:29:00,2022/10/31 11:29:00 AM,2022/10/31,23:30:00,2022/10/31 11:30:00 PM,Market St at Sanchez St,57,Male,Motorcyclist,Motorcycle Collision,City Street,true,false,true,true,false,POINT (-122.431025471 37.765867986),2024/07/01 04:48:29 PM,Castro/Upper Market,8,MISSION
20221537,220838671,37.748211998287758,-122.41586300015338,2022,2022/12/07,09:34:00,2022/12/07 09:34:00 AM,2022/12/07,09:20:00,2022/12/07 09:20:00 AM,Cesar Chavez St and South Van Ness  Ave,29,Male,Motorcyclist,Motorcycle vs Motor Vehicle,City Street,false,true,true,true,false,POINT (-122.415863 37.748211998),2024/07/01 04:48:29 PM,Bernal Heights,9,MISSION
220731586,220726929,37.725692145776300,-122.47510883263777,2022,2022/10/24,03:58:00,2022/10/24 03:58:00 AM,2022/10/22,12:41:00,2022/10/22 12:41:00 PM,19th Ave at Buckingham Way,75,Female,Pedestrian,Pedestrian vs Motor Vehicle,City Street,true,false,true,true,true,POINT (-122.475108833 37.725692146),2024/07/01 04:48:29 PM,Lakeshore,7,TARAVAL
20221538,2208401437,37.712436211750543,-122.43007433122538,2022,2022/12/07,19:43:00,2022/12/07 07:43:00 PM,2022/12/07,19:33:00,2022/12/07 07:33:00 PM,Geneva Ave east of Prague St,55,Male,Pedestrian,Pedestrian vs Motor Vehicle,City Street,true,false,true,true,false,POINT (-122.430074331 37.712436212),2024/07/01 04:48:29 PM,Excelsior,11,INGLESIDE
261,,37.784960260049232,-122.41954785444854,2020,2020/02/24,15:52:00,2020/02/24 03:52:00 PM,2020/02/24,08:30:00,2020/02/24 08:30:00 AM,Polk Street and O'Farrell Street,80,Male,Pedestrian,Pedestrian vs Motor Vehicle,City Street,true,true,true,true,true,POINT (-122.419547854 37.78496026),2024/07/01 04:48:29 PM,Tenderloin,5,NORTHERN
310,210190726,37.721809310294432,-122.41648441787001,2021,2021/03/27,12:23:00,2021/03/27 12:23:00 PM,2021/03/27,11:40:00,2021/03/27 11:40:00 AM,Cambridge Street and John F. Shelley Drive,18,Male,Motorcyclist,Motorcycle Collision,City Street,false,true,true,false,true,POINT (-122.416484418 37.72180931),2024/07/01 04:48:29 PM,McLaren Park,11,INGLESIDE
20220736,220389016,37.757035401937536,-122.41890102881644,2022,2022/06/14,01:07:00,2022/06/14 01:07:00 AM,2022/06/14,01:07:00,2022/06/14 01:07:00 AM,21st St at Mission St,29,Female,Driver,Motor Vehicle Collision,City Street,true,true,true,true,true,POINT (-122.418901029 37.757035402),2024/07/01 04:48:29 PM,Mission,9,MISSION
275,200366197,37.724035613200911,-122.40210839181567,2020,2020/06/18,10:18:00,2020/06/18 10:18:00 AM,2020/06/18,07:00:00,2020/06/18 07:00:00 AM,Dwight Street and San Bruno Avenue,63,Male,Pedestrian,Pedestrian vs Motor Vehicle,City Street,true,true,true,true,true,POINT (-122.402108392 37.724035613),2024/07/01 04:48:29 PM,Portola,9,BAYVIEW
74,151014003,37.714707673322678,-122.49234143662051,2015,2015/11/21,13:00:00,2015/11/21 01:00:00 PM,2015/11/21,12:40:00,2015/11/21 12:40:00 PM,400 John Muir Dr,50,Female,Pedestrian,Pedestrian vs Motor Vehicle,City Street,false,true,true,false,false,POINT (-122.492341437 37.714707673),2024/07/01 04:48:29 PM,Lakeshore,7,TARAVAL
107,160384281,37.712776352964234,-122.46996782311597,2016,2016/05/10,22:50:00,2016/05/10 10:50:00 PM,2016/05/10,22:25:00,2016/05/10 10:25:00 PM,Brotherhood Way at Junipero Serra Blvd Northbound onramp,77,Male,Pedestrian,Pedestrian vs Motor Vehicle,City Street,true,true,true,false,false,POINT (-122.469967823 37.712776353),2024/07/01 04:48:29 PM,Oceanview/Merced/Ingleside,11,TARAVAL
121,170352541,37.722273743169083,-122.48503747044523,2017,2017/04/29,23:37:00,2017/04/29 11:37:00 PM,2017/04/29,23:29:00,2017/04/29 11:29:00 PM,Lake Merced Blvd. 300 ft south of Font Blvd,77,Female,Pedestrian,Pedestrian vs Motor Vehicle,City Street,false,true,true,false,false,POINT (-122.48503747 37.722273743),2024/07/01 04:48:29 PM,Lakeshore,7,TARAVAL
127,170753632,37.769586076267665,-122.40758738741344,2017,2017/09/15,08:25:00,2017/09/15 08:25:00 AM,2017/09/15,08:15:00,2017/09/15 08:15:00 AM,Brannan Street and Dore Street,41,Female,Pedestrian,Pedestrian vs Motor Vehicle,City Street,false,true,true,false,false,POINT (-122.407587387 37.769586076),2024/07/01 04:48:29 PM,South of Market,6,SOUTHERN
19,140897094,37.779447983157446,-122.41842794961616,2014,2014/10/23,12:46:00,2014/10/23 12:46:00 PM,2014/10/23,11:30:00,2014/10/23 11:30:00 AM,Polk St and McAllister St,68,Female,Pedestrian,Pedestrian vs Motor Vehicle,City Street,false,false,true,false,true,POINT (-122.41842795 37.779447983),2024/07/01 04:48:29 PM,Tenderloin,5,NORTHERN
124,170588291,37.784953879702940,-122.42798892701637,2017,2017/07/19,20:33:00,2017/07/19 08:33:00 PM,2017/07/19,20:23:00,2017/07/19 08:23:00 PM,Laguna Street and Geary Blvd,29,Male,Motorcyclist,Motorcycle vs Truck,City Street,true,true,true,true,true,POINT (-122.427988927 37.78495388),2024/07/01 04:48:29 PM,Western Addition,5,NORTHERN
315,210306199,37.777511710737876,-122.41804316646618,2021,2021/05/18,19:14:00,2021/05/18 07:14:00 PM,2021/05/18,18:59:00,2021/05/18 06:59:00 PM,Polk Street and Hayes Street,29,Female,Pedestrian,Pedestrian vs Motor Vehicle,City Street,true,false,true,false,true,POINT (-122.418043166 37.777511711),2024/07/01 04:48:29 PM,Tenderloin,6,NORTHERN
123,170511151,37.806225384730332,-122.40874744303180,2017,2017/06/29,21:28:00,2017/06/29 09:28:00 PM,2017/06/23,12:37:00,2017/06/23 12:37:00 PM,100 Block of Bay Street,59,Male,Motorcyclist,Motorcycle vs Motor Vehicle,City Street,true,true,true,true,true,POINT (-122.408747443 37.806225385),2024/07/01 04:48:29 PM,North Beach,3,CENTRAL
145,180198880,37.797612859399969,-122.40873591199998,2018,2018/03/16,06:52:00,2018/03/16 06:52:00 AM,2018/03/16,05:00:00,2018/03/16 05:00:00 AM,IFO 732 Broadway Street,63,Female,Pedestrian,Pedestrian vs Motor Vehicle,City Street,true,true,true,true,true,POINT (-122.408735912 37.797612859),2024/07/01 04:48:29 PM,Chinatown,3,CENTRAL
20220722,220378627,37.783310889892711,-122.41752877316820,2022,2022/06/09,18:12:00,2022/06/09 06:12:00 PM,2022/06/09,18:12:00,2022/06/09 06:12:00 PM,Larkin St at Eddy St,26,Male,Motorcyclist,Motorcycle vs Motor Vehicle,City Street,true,true,true,true,true,POINT (-122.417528773 37.78331089),2024/07/01 04:48:29 PM,Tenderloin,5,NORTHERN
20220795,220410865,37.806141246984431,-122.41707727810977,2022,2022/06/29,21:30:00,2022/06/29 09:30:00 PM,2022/06/23,07:53:00,2022/06/23 07:53:00 AM,North Point east of Jones St,80,Male,Bicyclist,Bicycle Collision,City Street,false,true,true,true,true,POINT (-122.417077278 37.806141247),2024/07/01 04:48:29 PM,North Beach,3,CENTRAL
20221668,220882123,37.783310889892711,-122.41752877316820,2022,2022/12/29,10:04:00,2022/12/29 10:04:00 AM,2022/12/25,20:08:00,2022/12/25 08:08:00 PM,Larkin St and Eddy St,63,Female,Pedestrian,Pedestrian vs Motor Vehicle,City Street,true,true,true,true,true,POINT (-122.417528773 37.78331089),2024/07/01 04:48:29 PM,Tenderloin,5,NORTHERN
20221662,220887242,37.806124510957837,-122.40954532392044,2022,2022/12/28,05:12:00,2022/12/28 05:12:00 AM,2022/12/28,05:01:00,2022/12/28 05:01:00 AM,Bay St east of Stockton St,38,Male,Pedestrian,Pedestrian vs Motor Vehicle,City Street,true,true,true,true,true,POINT (-122.409545324 37.806124511),2024/07/01 04:48:29 PM,North Beach,3,CENTRAL
20230057,230022717,37.764917377505469,-122.42188644581422,2023,2023/01/10,18:41:00,2023/01/10 06:41:00 PM,2023/01/10,17:51:00,2023/01/10 05:51:00 PM,16th St & Valencia St,65,Female,Pedestrian,Pedestrian vs Motor Vehicle,City Street,true,true,true,true,true,POINT (-122.421886446 37.764917378),2024/07/01 04:48:29 PM,Mission,9,MISSION
163,180840439,37.798372703599995,-122.41045615799997,2018,2018/11/05,12:45:00,2018/11/05 12:45:00 PM,2018/11/05,12:38:00,2018/11/05 12:38:00 PM,Intersection of Powell Street and Vallejo Street,86,Female,Pedestrian,Pedestrian vs Motor Vehicle,City Street,false,true,true,false,true,POINT (-122.410456158 37.798372704),2024/07/01 04:48:29 PM,Chinatown,3,CENTRAL
20230131,230050348,37.765783299491800,-122.40753422960650,2023,2023/01/22,02:11:00,2023/01/22 02:11:00 AM,2023/01/22,03:13:00,2023/01/22 03:13:00 AM,16th St & Potrero Ave,39,Male,Passenger,Motor Vehicle Collision,City Street,true,true,true,true,false,POINT (-122.40753423 37.765783299),2024/07/01 04:48:29 PM,Mission,9,MISSION
167,190070187,37.773407010799978,-122.50682125900000,2019,2019/01/29,,2019/01/29 12:00:00 AM,2019/01/28,17:59:00,2019/01/28 05:59:00 PM,46th Avenue and Cabrillo Street,84,Female,Pedestrian,Pedestrian vs Motor Vehicle,City Street,false,false,true,false,false,POINT (-122.506821259 37.773407011),2024/07/01 04:48:29 PM,Outer Richmond,1,RICHMOND
37,150597717,37.746091950482736,-122.50277584037330,2015,2015/07/13,20:35:00,2015/07/13 08:35:00 PM,2015/07/09,15:33:00,2015/07/09 03:33:00 PM,44th Ave and North of Rivera St,70,Male,Driver,Motor Vehicle Collision,City Street,false,false,true,false,false,POINT (-122.50277584 37.74609195),2024/07/01 04:48:29 PM,Sunset/Parkside,4,TARAVAL
174,190160437,37.781901343199976,-122.41387328400002,2019,2019/03/07,,2019/03/07 12:00:00 AM,2019/03/05,10:29:00,2019/03/05 10:29:00 AM,Golden Gate Avenue and Leavenworth Street,58,Female,Pedestrian,Pedestrian vs Motor Vehicle,City Street,true,true,true,true,true,POINT (-122.413873284 37.781901343),2024/07/01 04:48:29 PM,Tenderloin,5,TENDERLOIN
230,190722474,37.775925406299983,-122.43798984800000,2019,2019/10/13,,2019/10/13 12:00:00 AM,2019/10/13,19:57:00,2019/10/13 07:57:00 PM,Divisadero St at Grove St,70,Female,Driver,Motor Vehicle Collision,City Street,true,false,true,true,false,POINT (-122.437989848 37.775925406),2024/07/01 04:48:29 PM,Hayes Valley,5,PARK
178,190338474,37.781613604900009,-122.41549693699999,2019,2019/05/11,,2019/05/11 12:00:00 AM,2019/05/11,19:31:00,2019/05/11 07:31:00 PM,Hyde Street and Golden Gate Avenue,65,Male,Pedestrian,Pedestrian vs Motor Vehicle,City Street,true,true,true,true,true,POINT (-122.415496937 37.781613605),2024/07/01 04:48:29 PM,Tenderloin,5,TENDERLOIN
180,190384182,37.784952298199968,-122.42798610200000,2019,2019/05/31,,2019/05/31 12:00:00 AM,2019/05/29,05:25:00,2019/05/29 05:25:00 AM,Geary Boulevard and Laguna Street,86,Female,Pedestrian,Pedestrian vs Motor Vehicle,City Street,true,true,true,false,true,POINT (-122.427986102 37.784952298),2024/07/01 04:48:29 PM,Western Addition,2,NORTHERN
233,190921029,37.728161745400000,-122.40223505699997,2019,2019/12/07,,2019/12/07 12:00:00 AM,2019/12/07,06:07:00,2019/12/07 06:07:00 AM,Bacon Street and Bayshore Boulevard,79,Female,Pedestrian,Pedestrian vs Motor Vehicle,City Street,true,true,true,true,true,POINT (-122.402235057 37.728161745),2024/07/01 04:48:29 PM,Portola,9,BAYVIEW
6,151090279,37.749169988020178,-122.41814754040270,2015,2015/12/18,06:50:00,2015/12/18 06:50:00 AM,2015/12/18,02:20:00,2015/12/18 02:20:00 AM,Mission St at 26th St,28,Male,Pedestrian,Pedestrian vs Motor Vehicle,City Street,true,true,true,true,true,POINT (-122.41814754 37.749169988),2024/07/01 04:48:29 PM,Mission,9,MISSION
234,190956816,37.725265708599984,-122.46221250299998,2019,2019/12/21,,2019/12/21 12:00:00 AM,2019/12/21,01:07:00,2019/12/21 01:07:00 AM,Ocean Ave at Ashton Ave,66,Male,Driver,Motor Vehicle Collision,City Street,false,true,true,true,false,POINT (-122.462212503 37.725265709),2024/07/01 04:48:29 PM,Oceanview/Merced/Ingleside,11,TARAVAL
308,210151358,37.722897414040986,-122.40490719998287,2021,2021/03/09,01:25:00,2021/03/09 01:25:00 AM,2021/03/08,14:00:00,2021/03/08 02:00:00 PM,600 block of Goettingen Street,63,Male,Bicyclist,Bicycle Collision,City Street,false,true,true,false,false,POINT (-122.4049072 37.722897414),2024/07/01 04:48:29 PM,Portola,9,BAYVIEW
232,190828691,37.766134176100000,-122.40169293100000,2019,2019/11/02,,2019/11/02 12:00:00 AM,2019/11/02,08:48:00,2019/11/02 08:48:00 AM,16th St at De Haro St,77,Male,Pedestrian,Pedestrian vs Motor Vehicle,City Street,false,false,true,true,false,POINT (-122.401692931 37.766134176),2024/07/01 04:48:29 PM,Mission Bay,10,BAYVIEW
314,210250518,37.780655827754458,-122.47231225588575,2021,2021/04/24,00:33:00,2021/04/24 12:33:00 AM,2021/04/24,00:22:00,2021/04/24 12:22:00 AM,Geary Boulevard and Park Presidio Boulevard,28,Male,Pedestrian,Pedestrian vs Motor Vehicle,City Street,true,false,true,true,false,POINT (-122.472312256 37.780655828),2024/07/01 04:48:29 PM,Outer Richmond,1,RICHMOND
20,150029839,37.780074695950439,-122.42024718391410,2015,2015/01/10,17:24:00,2015/01/10 05:24:00 PM,2015/01/10,22:23:00,2015/01/10 10:23:00 PM,Van Ness Ave and McAllister St,30,Male,Motorcyclist,Motorcycle Collision,City Street,true,false,true,true,true,POINT (-122.420247184 37.780074696),2024/07/01 04:48:29 PM,Hayes Valley,5,NORTHERN
21,140286992,37.781100301607161,-122.42040137867862,2014,2014/04/06,23:11:00,2014/04/06 11:11:00 PM,2014/04/06,23:04:00,2014/04/06 11:04:00 PM,IFO 600 Van Ness Ave,72,Male,Pedestrian,Pedestrian vs Motor Vehicle,City Street,true,false,true,true,true,POINT (-122.420401379 37.781100302),2024/07/01 04:48:29 PM,Tenderloin,5,NORTHERN
24,150314969,37.792642879456643,-122.40438665554869,2015,2015/04/10,22:40:00,2015/04/10 10:40:00 PM,2015/04/10,22:40:00,2015/04/10 10:40:00 PM,California St and Kearny,42,Female,Pedestrian,Pedestrian vs Motor Vehicle,City Street,true,true,true,true,true,POINT (-122.404386656 37.792642879),2024/07/01 04:48:29 PM,Financial District/South Beach,3,CENTRAL
176,190288948,37.778486214699981,-122.41002601500000,2019,2019/04/23,,2019/04/23 12:00:00 AM,2019/04/23,12:16:00,2019/04/23 12:16:00 PM,IFO 160 7th Street,26,Male,Exterior Passenger,Motor Vehicle Collision,City Street,false,true,true,true,true,POINT (-122.410026015 37.778486215),2024/07/01 04:48:29 PM,South of Market,6,SOUTHERN
223,190528318,37.785996235799992,-122.41132558200000,2019,2019/07/21,,2019/07/21 12:00:00 AM,2019/07/21,14:08:00,2019/07/21 02:08:00 PM,Taylor Street at O'Farrell Street,39,Male,Pedestrian,Pedestrian vs Motor Vehicle,City Street,true,true,true,true,true,POINT (-122.411325582 37.785996236),2024/07/01 04:48:29 PM,Tenderloin,3,TENDERLOIN
18,140019652,37.777962542887387,-122.41990283971673,2014,2014/01/07,18:30:00,2014/01/07 06:30:00 PM,2014/01/04,18:20:00,2014/01/04 06:20:00 PM,IFO 240 Van Ness Ave,38,Male,Pedestrian,Pedestrian vs Motor Vehicle,City Street,true,true,true,true,true,POINT (-122.41990284 37.777962543),2024/07/01 04:48:29 PM,Hayes Valley,5,NORTHERN
277,200414031,37.778251017077210,-122.41988322968011,2020,2020/07/13,20:13:00,2020/07/13 08:13:00 PM,2020/07/10,21:29:00,2020/07/10 09:29:00 PM,Grove Street and Van Ness Avenue,58,Male,Pedestrian,Pedestrian vs Motor Vehicle,City Street,true,false,true,true,true,POINT (-122.41988323 37.778251017),2024/07/01 04:48:29 PM,Hayes Valley,5,NORTHERN
165,180968310,37.722919498899969,-122.44922971599998,2018,2018/12/24,23:55:00,2018/12/24 11:55:00 PM,2018/12/24,11:12:00,2018/12/24 11:12:00 AM,845 Holloway Ave,58,Male,Driver,Motor Vehicle Collision,City Street,true,false,true,true,true,POINT (-122.449229716 37.722919499),2024/07/01 04:48:29 PM,Oceanview/Merced/Ingleside,11,INGLESIDE
160,180720358,37.788074222999995,-122.42196968600000,2018,2018/09/25,12:30:00,2018/09/25 12:30:00 PM,2018/09/22,21:00:00,2018/09/22 09:00:00 PM,Van Ness Avenue at Fern Street,42,Male,Pedestrian,Pedestrian vs Motor Vehicle,City Street,true,true,true,true,true,POINT (-122.421969686 37.788074223),2024/07/01 04:48:29 PM,Nob Hill,3,NORTHERN
257,200028143,37.708853605544611,-122.40510945387247,2020,2020/01/12,01:47:00,2020/01/12 01:47:00 AM,2020/01/12,01:16:00,2020/01/12 01:16:00 AM,Bayshore Boulevard and Sunnydale Avenue,21,Male,Exterior Passenger,LRV Collision,City Street,false,false,true,true,false,POINT (-122.405109454 37.708853606),2024/07/01 04:48:29 PM,Bayview Hunters Point,10,BAYVIEW
49,150963083,37.787440825534759,-122.43016838182947,2015,2015/11/13,21:00:00,2015/11/13 09:00:00 PM,2015/11/04,10:04:00,2015/11/04 10:04:00 AM,Bush and Buchanan St,83,Female,Pedestrian,Pedestrian vs Motor Vehicle,City Street,true,false,true,true,false,POINT (-122.430168382 37.787440826),2024/07/01 04:48:29 PM,Pacific Heights,5,NORTHERN
66,150574561,37.787586381535313,-122.40341748495489,2015,2015/07/05,15:05:00,2015/07/05 03:05:00 PM,2015/07/01,21:11:00,2015/07/01 09:11:00 PM,Market St and Third St,39,Male,Pedestrian,Pedestrian vs Motor Vehicle,City Street,true,false,true,true,false,POINT (-122.403417485 37.787586382),2024/07/01 04:48:29 PM,Financial District/South Beach,6,SOUTHERN
63,150630721,37.774086290607691,-122.49290596967808,2015,2015/07/20,14:18:00,2015/07/20 02:18:00 PM,2015/07/20,13:19:00,2015/07/20 01:19:00 PM,Cabrillo St and 33rd Ave,61,Female,Pedestrian,Pedestrian vs Motor Vehicle,City Street,false,false,true,false,false,POINT (-122.49290597 37.774086291),2024/07/01 04:48:29 PM,Outer Richmond,1,RICHMOND
312,,37.761289573672535,-122.42835406522991,2021,2021/04/07,,2021/04/07 12:00:00 AM,2021/04/07,,2021/04/07 12:00:00 AM,18th Street and Church Street,,,Driver,,City Street,false,false,false,true,false,POINT (-122.428354065 37.761289574),2024/07/01 04:48:29 PM,Castro/Upper Market,8,MISSION
221,190463504,37.788535930599984,-122.39603476599997,2019,2019/06/28,,2019/06/28 12:00:00 AM,2019/06/27,01:53:00,2019/06/27 01:53:00 AM,First Street and Howard Street,30,Male,Pedestrian,Pedestrian vs Motor Vehicle,City Street,true,false,true,true,false,POINT (-122.396034766 37.788535931),2024/07/01 04:48:29 PM,Financial District/South Beach,6,SOUTHERN
20230246,230100943,37.773592353011971,-122.43756151914768,2023,2023/02/11,12:57:00,2023/02/11 12:57:00 PM,2023/02/10,23:55:00,2023/02/10 11:55:00 PM,Divisadero St between Fell and Oak Sts,36,Male,Passenger,Motor Vehicle Collision,City Street,true,false,true,true,false,POINT (-122.437561519 37.773592353),2024/07/01 04:48:29 PM,Hayes Valley,5,PARK
148,180401019,37.746158144699983,-122.38719149100000,2018,2018/05/29,21:46:00,2018/05/29 09:46:00 PM,2018/05/29,,2018/05/29 12:00:00 AM,IFO 3450 Cargo Way,25,Female,Driver,Motor Vehicle Collision,City Street,false,false,true,false,false,POINT (-122.387191491 37.746158145),2024/07/01 04:48:29 PM,Bayview Hunters Point,10,BAYVIEW
20220287,220146731,37.747699523338852,-122.49751188247416,2022,2022/03/05,01:12:00,2022/03/05 01:12:00 AM,2022/03/05,00:23:00,2022/03/05 12:23:00 AM,39th Ave at Quintara St,34,Female,Driver,Motor Vehicle Collision,City Street,false,false,true,false,false,POINT (-122.497511882 37.747699523),2024/07/01 04:48:29 PM,Sunset/Parkside,4,TARAVAL
156,180610630,37.783214312799984,-122.41076482700001,2018,2018/08/14,18:24:00,2018/08/14 06:24:00 PM,2018/08/14,17:43:00,2018/08/14 05:43:00 PM,Turk Street and Taylor Street,65,Male,Bicyclist,Bicycle vs Motor Vehicle,City Street,true,true,true,true,true,POINT (-122.410764827 37.783214313),2024/07/01 04:48:29 PM,Tenderloin,5,TENDERLOIN
155,180620485,37.784839102099987,-122.41277669800000,2018,2018/08/31,00:35:00,2018/08/31 12:35:00 AM,2018/08/18,03:08:00,2018/08/18 03:08:00 AM,Ellis Street and Jones Street,57,Male,Pedestrian,Pedestrian vs Motor Vehicle,City Street,true,true,true,true,true,POINT (-122.412776698 37.784839102),2024/07/01 04:48:29 PM,Tenderloin,5,TENDERLOIN
152,180504760,37.764859537999996,-122.41965049900000,2018,2018/07/09,11:56:00,2018/07/09 11:56:00 AM,2018/07/07,19:48:00,2018/07/07 07:48:00 PM,16th Street and Mission Street,39,Male,Pedestrian,Pedestrian vs Motor Vehicle,City Street,true,true,true,true,true,POINT (-122.419650499 37.764859538),2024/07/01 04:48:29 PM,Mission,9,MISSION
20220995,220540995,37.780074695240430,-122.42024718391410,2022,2022/08/17,03:18:00,2022/08/17 03:18:00 AM,2022/08/12,20:13:00,2022/08/12 08:13:00 PM,McAllister St at Van Ness Ave,47,Male,Pedestrian,Pedestrian vs Motor Vehicle,City Street,true,false,true,true,true,POINT (-122.420247184 37.780074695),2024/07/01 04:48:29 PM,Hayes Valley,5,NORTHERN
228,190569613,37.720490711500000,-122.38541878099998,2019,2019/08/04,,2019/08/04 12:00:00 AM,2019/08/04,23:56:00,2019/08/04 11:56:00 PM,Carroll Ave at Giants Dr.,59,Male,Pedestrian,Pedestrian vs Motor Vehicle,City Street,false,true,true,true,true,POINT (-122.385418781 37.720490711),2024/07/01 04:48:29 PM,Bayview Hunters Point,10,BAYVIEW
25,150513246,37.709543368800965,-122.45049893027047,2015,2015/07/03,21:08:00,2015/07/03 09:08:00 PM,2015/06/12,12:25:00,2015/06/12 12:25:00 PM,Mission St and Oliver St,80,Female,Pedestrian,Pedestrian vs Motor Vehicle,City Street,true,true,true,true,true,POINT (-122.45049893 37.709543369),2024/07/01 04:48:29 PM,Outer Mission,11,INGLESIDE
219,190452892,37.722431604100009,-122.39562276100001,2019,2019/06/23,,2019/06/23 12:00:00 AM,2019/06/23,01:14:00,2019/06/23 01:14:00 AM,Third Street and Paul Avenue,49,Female,Passenger,Motor Vehicle Collision,City Street,true,true,true,true,true,POINT (-122.395622761 37.722431604),2024/07/01 04:48:29 PM,Bayview Hunters Point,10,BAYVIEW
218,190452892,37.722431604100009,-122.39562276100001,2019,2019/06/23,,2019/06/23 12:00:00 AM,2019/06/23,01:14:00,2019/06/23 01:14:00 AM,Third Street and Paul Avenue,27,Male,Driver,Motor Vehicle Collision,City Street,true,true,true,true,true,POINT (-122.395622761 37.722431604),2024/07/01 04:48:29 PM,Bayview Hunters Point,10,BAYVIEW
144,180146340,37.708999301900015,-122.45824119500000,2018,2018/02/24,07:07:00,2018/02/24 07:07:00 AM,2018/02/24,06:27:00,2018/02/24 06:27:00 AM,Intersection of San Jose Avenue and Rice Street,66,Male,Pedestrian,Pedestrian vs Motor Vehicle,City Street,true,true,true,true,true,POINT (-122.458241195 37.708999302),2024/07/01 04:48:29 PM,Outer Mission,11,TARAVAL
133,170625865,37.710012855873500,-122.39149799846103,2017,2017/08/01,19:17:00,2017/08/01 07:17:00 PM,2017/08/01,19:02:00,2017/08/01 07:02:00 PM,Harney Way West of Executive Park Boulevard,37,Female,Pedestrian,Pedestrian vs Motor Vehicle,City Street,false,false,true,false,false,POINT (-122.391497998 37.710012856),2024/07/01 04:48:29 PM,Bayview Hunters Point,10,BAYVIEW
1,140236301,37.710409216678755,-122.40422603714734,2014,2014/03/20,11:21:00,2014/03/20 11:21:00 AM,2014/03/20,,2014/03/20 12:00:00 AM,Bayshore Blvd near Visitation Ave,82,Female,Pedestrian,Pedestrian vs Motor Vehicle,City Street,false,false,true,true,false,POINT (-122.404226037 37.710409217),2024/07/01 04:48:29 PM,Bayview Hunters Point,10,INGLESIDE
321,210544060,37.785743989855305,-122.40583101125139,2021,2021/08/17,14:08:00,2021/08/17 02:08:00 PM,2021/08/15,03:00:00,2021/08/15 03:00:00 AM,Market Street and 4th Street,27,Male,Standup Powered Device Rider,e-Scooter Collision,City Street,true,true,true,true,false,POINT (-122.405831011 37.78574399),2024/07/01 04:48:29 PM,South of Market,6,SOUTHERN
135,170674602,37.770291755666989,-122.43722655338541,2017,2017/08/18,23:12:00,2017/08/18 11:12:00 PM,2017/08/18,,2017/08/18 12:00:00 AM,824 Waller Street,52,Female,Pedestrian,Pedestrian vs Motor Vehicle,City Street,false,false,true,false,false,POINT (-122.437226553 37.770291756),2024/07/01 04:48:29 PM,Haight Ashbury,8,PARK
149,180438727,37.744802270099996,-122.43478335099996,2018,2018/06/13,15:07:00,2018/06/13 03:07:00 PM,2018/06/13,,2018/06/13 12:00:00 AM,IFO 562 28th Street,34,Female,Pedestrian,Pedestrian vs Motor Vehicle,City Street,false,false,true,false,false,POINT (-122.434783351 37.74480227),2024/07/01 04:48:29 PM,Noe Valley,8,INGLESIDE
153,180641378,37.755509060899996,-122.39779335000001,2018,2018/08/25,16:19:00,2018/08/25 04:19:00 PM,2018/08/25,15:40:00,2018/08/25 03:40:00 PM,Arkansas Street and 23rd Street,33,Male,Motorcyclist,Motorcycle vs Motor Vehicle,City Street,false,false,true,false,false,POINT (-122.39779335 37.755509061),2024/07/01 04:48:29 PM,Potrero Hill,10,BAYVIEW
147,180313721,37.726990700399988,-122.47490034400002,2018,2018/04/28,02:19:00,2018/04/28 02:19:00 AM,2018/04/28,01:40:00,2018/04/28 01:40:00 AM,19th Ave at Winston Drive,34,Male,Pedestrian,Pedestrian vs Motor Vehicle,City Street,true,false,true,true,true,POINT (-122.474900344 37.7269907),2024/07/01 04:48:29 PM,Lakeshore,7,TARAVAL
12,150708061,37.776195417441421,-122.41475394702942,2015,2015/08/27,14:36:00,2015/08/27 02:36:00 PM,2015/08/14,01:35:00,2015/08/14 01:35:00 AM,9th and Mission St,60,Male,Pedestrian,Pedestrian vs Motor Vehicle,City Street,true,true,true,true,true,POINT (-122.414753947 37.776195417),2024/07/01 04:48:29 PM,South of Market,6,SOUTHERN
318,210481280,37.813223804380726,-122.37103153837926,2021,2021/07/29,21:39:00,2021/07/29 09:39:00 PM,2021/07/29,,2021/07/29 12:00:00 AM,Treasure Island Road and Macalla Road,54,Male,Pedestrian,Pedestrian vs Motor Vehicle,City Street,false,true,true,false,true,POINT (-122.371031538 37.813223804),2024/07/01 04:48:29 PM,Treasure Island,6,SOUTHERN
258,200064846,37.767566532455035,-122.41991244715324,2020,2020/01/26,17:29:00,2020/01/26 05:29:00 PM,2020/01/26,16:45:00,2020/01/26 04:45:00 PM,Mission Street south of 14th Street,30,Male,Motorcyclist,Motorcycle vs Motor Vehicle,City Street,true,true,true,true,true,POINT (-122.419912447 37.767566532),2024/07/01 04:48:29 PM,Mission,9,MISSION
65,150890602,37.790605147671080,-122.39975632722862,2015,2015/10/11,15:32:00,2015/10/11 03:32:00 PM,2015/11/11,15:20:00,2015/11/11 03:20:00 PM,IFO 532 Market Street,47,Male,Bicyclist,Bicycle vs MUNI,City Street,true,true,true,true,false,POINT (-122.399756327 37.790605148),2024/07/01 04:48:29 PM,Financial District/South Beach,3,SOUTHERN
4,140365546,37.748255329359679,-122.41366884444467,2014,2014/05/03,17:20:00,2014/05/03 05:20:00 PM,2014/05/03,02:24:00,2014/05/03 02:24:00 AM,Folsom St and Caesar Chavez,26,Male,Driver,Motor Vehicle Collision,City Street,true,false,true,true,false,POINT (-122.413668844 37.748255329),2024/07/01 04:48:29 PM,Mission,9,MISSION
98,160236165,37.781354512531664,-122.45409992890984,2016,2016/03/25,11:04:00,2016/03/25 11:04:00 AM,2016/03/21,15:00:00,2016/03/21 03:00:00 PM,3245 Geary Blvd,87,Male,Passenger,Motor Vehicle Collision,City Street,false,false,true,false,false,POINT (-122.454099929 37.781354513),2024/07/01 04:48:29 PM,Lone Mountain/USF,2,RICHMOND
20221193,220665725,37.773209510264863,-122.47016269341206,2022,2022/09/29,00:27:00,2022/09/29 12:27:00 AM,2022/09/28,23:21:00,2022/09/28 11:21:00 PM,Golden Gate Park south of Fulton Street and 12th Avenue,37,Male,Driver,Motor Vehicle Collision,City Street,false,false,true,true,false,POINT (-122.470162693 37.77320951),2024/07/01 04:48:29 PM,Golden Gate Park,1,RICHMOND
70,140927180,37.747136999999988,-122.38720577683645,2014,2014/11/01,21:40:00,2014/11/01 09:40:00 PM,2014/11/01,21:31:00,2014/11/01 09:31:00 PM,3rd St and Islais Channel,21,Male,Pedestrian,Pedestrian vs Motor Vehicle,City Street,true,false,true,true,false,POINT (-122.387205777 37.747137),2024/07/01 04:48:29 PM,,,BAYVIEW
108,160506996,37.770783037089871,-122.48831819952424,2016,2016/06/22,18:42:00,2016/06/22 06:42:00 PM,2016/06/22,16:00:00,2016/06/22 04:00:00 PM,John F. Kennedy Drive West of 30th Avenue,41,Female,Bicyclist,Bicycle vs Motor Vehicle,City Street,true,false,true,false,false,POINT (-122.4883182 37.770783037),2024/07/01 04:48:29 PM,Golden Gate Park,1,RICHMOND
222,190519884,37.784376410399979,-122.40931465599999,2019,2019/07/18,,2019/07/18 12:00:00 AM,2019/07/18,05:35:00,2019/07/18 05:35:00 AM,Eddy Street and Mason Steet,54,Male,Pedestrian,Pedestrian vs Motor Vehicle,City Street,true,true,true,true,true,POINT (-122.409314656 37.78437641),2024/07/01 04:48:29 PM,Tenderloin,5,TENDERLOIN
224,190587154,37.783904258399993,-122.40809497199997,2019,2019/08/11,,2019/08/11 12:00:00 AM,2019/08/11,20:50:00,2019/08/11 08:50:00 PM,Market Street and Fifth Street,79,Female,Pedestrian,Pedestrian vs Motor Vehicle,City Street,true,true,true,true,true,POINT (-122.408094972 37.783904258),2024/07/01 04:48:29 PM,South of Market,6,SOUTHERN
90,160708562,37.709485953341186,-122.41955501034191,2016,2016/09/16,20:30:00,2016/09/16 08:30:00 PM,2016/09/01,10:00:00,2016/09/01 10:00:00 AM,Santos Street and Velasco Avenue,68,Male,Pedestrian,Pedestrian vs Motor Vehicle,City Street,false,true,true,false,true,POINT (-122.41955501 37.709485953),2024/07/01 04:48:29 PM,Visitacion Valley,10,INGLESIDE
20221581,,37.729222731071467,-122.41519258838917,2022,2022/12/15,11:55:00,2022/12/15 11:55:00 AM,2022/11/27,13:00:00,2022/11/27 01:00:00 PM,Silver Ave at University St,80,Male,Standup Powered Device Rider,e-Scooter Collision,City Street,false,false,true,false,false,POINT (-122.415192588 37.729222731),2024/07/01 04:48:29 PM,Portola,9,BAYVIEW
62,150343695,37.749486078759858,-122.49978542416295,2015,2015/04/20,21:58:00,2015/04/20 09:58:00 PM,2015/04/20,06:20:00,2015/04/20 06:20:00 AM,41st Avenue at Pacheco St,88,Male,Pedestrian,Pedestrian vs Motor Vehicle,City Street,false,false,true,false,false,POINT (-122.499785424 37.749486079),2024/07/01 04:48:29 PM,Sunset/Parkside,4,TARAVAL
166,190001944,37.769219349599979,-122.45311311000000,2019,2019/01/02,,2019/01/02 12:00:00 AM,2019/01/01,18:05:00,2019/01/01 06:05:00 PM,Haight Street and Stanyan Street,84,Female,Pedestrian,Pedestrian vs Motor Vehicle,City Street,true,false,true,true,false,POINT (-122.45311311 37.76921935),2024/07/01 04:48:29 PM,Haight Ashbury,5,PARK
113,160902877,37.768672976765792,-122.42732646936339,2016,2016/11/05,19:58:00,2016/11/05 07:58:00 PM,2016/11/05,19:48:00,2016/11/05 07:48:00 PM,IFO 2027 Market Street,68,Male,Pedestrian,Pedestrian vs Motor Vehicle,City Street,true,false,true,true,false,POINT (-122.427326469 37.768672977),2024/07/01 04:48:29 PM,Castro/Upper Market,8,MISSION
20221089,220604513,37.777799010890952,-122.40029776010545,2022,2022/09/07,22:53:00,2022/09/07 10:53:00 PM,2022/09/06,05:30:00,2022/09/06 05:30:00 AM,5th St and Bryant St,61,Male,Pedestrian,Pedestrian vs Motor Vehicle,City Street,true,false,true,true,false,POINT (-122.40029776 37.777799011),2024/07/01 04:48:29 PM,South of Market,6,SOUTHERN
30,140468877,37.745249394108626,-122.40287641223669,2014,2014/06/05,16:50:00,2014/06/05 04:50:00 PM,2014/06/05,14:30:00,2014/06/05 02:30:00 PM,IFO 128 Barnveld Ave,30,Male,Driver,Motor Vehicle Collision,City Street,false,false,true,false,false,POINT (-122.402876412 37.745249394),2024/07/01 04:48:29 PM,Bayview Hunters Point,10,BAYVIEW
20221094,220610429,37.799633929703269,-122.43769470533337,2022,2022/09/08,05:38:00,2022/09/08 05:38:00 AM,2022/09/07,05:20:00,2022/09/07 05:20:00 AM,Lombard St and Steiner St,52,Male,Pedestrian,Pedestrian vs Motor Vehicle,City Street,true,false,true,true,false,POINT (-122.437694705 37.79963393),2024/07/01 04:48:29 PM,Marina,2,NORTHERN
92,23881000,37.770049772562132,-122.40700149001546,2016,2016/02/06,21:32:00,2016/02/06 09:32:00 PM,2016/02/06,21:20:00,2016/02/06 09:20:00 PM,Brannan Street and 9th Street,23,Male,Driver,Motor Vehicle Collision,City Street,true,true,true,true,false,POINT (-122.40700149 37.770049773),2024/07/01 04:48:29 PM,South of Market,6,SOUTHERN
169,190099121,37.712268418599969,-122.40185282899999,2019,2019/02/09,,2019/02/09 12:00:00 AM,2019/02/09,07:21:00,2019/02/09 07:21:00 AM,IFO 2189 Bayshore Boulevard,78,Female,Driver,Motor Vehicle Collision,City Street,false,false,true,true,false,POINT (-122.401852829 37.712268419),2024/07/01 04:48:29 PM,Bayview Hunters Point,10,BAYVIEW
20220982,220538235,37.709557888984378,-122.47102264278175,2022,2022/08/13,11:00:00,2022/08/13 11:00:00 AM,2022/08/11,19:25:00,2022/08/11 07:25:00 PM,Junipero Serra Blvd underneath Alemany overpass,61,Male,Driver,Motor Vehicle Collision,City Street,true,true,true,true,false,POINT (-122.471022643 37.709557889),2024/07/01 04:48:29 PM,Oceanview/Merced/Ingleside,7,TARAVAL
20220773,220405894,37.765183134710270,-122.41748659457066,2022,2022/06/21,04:47:00,2022/06/21 04:47:00 AM,2022/06/21,04:47:00,2022/06/21 04:47:00 AM,South Van Ness Ave at 16th St,48,Male,Pedestrian,Pedestrian vs Motor Vehicle,City Street,true,true,true,true,true,POINT (-122.417486595 37.765183135),2024/07/01 04:48:29 PM,Mission,9,MISSION
7,150507164,37.723010594052241,-122.43606510848633,2015,2015/07/05,15:00:00,2015/07/05 03:00:00 PM,2015/06/11,14:56:00,2015/06/11 02:56:00 PM,Persia Ave and Mission Street,89,Female,Pedestrian,Pedestrian vs Motor Vehicle,City Street,true,true,true,true,true,POINT (-122.436065108 37.723010594),2024/07/01 04:48:29 PM,Outer Mission,11,INGLESIDE
13,150189455,37.768537386751632,-122.41561378147644,2015,2015/03/02,16:20:00,2015/03/02 04:20:00 PM,2015/03/02,12:34:00,2015/03/02 12:34:00 PM,14th St and Folsom St,66,Male,Bicyclist,Bicycle vs Motor Vehicle,City Street,true,false,true,true,false,POINT (-122.415613781 37.768537387),2024/07/01 04:48:29 PM,Mission,9,MISSION
14,140232854,37.769495951433626,-122.41559134729951,2014,2014/03/24,00:25:00,2014/03/24 12:25:00 AM,2014/03/19,,2014/03/19 12:00:00 AM,Cross of 13th St and Folsom St,55,Male,Bicyclist,Bicycle vs Motor Vehicle,City Street,true,false,true,true,false,POINT (-122.415591347 37.769495951),2024/07/01 04:48:29 PM,Mission,9,MISSION
94,160126754,37.713475947378470,-122.43454112640933,2016,2016/02/12,08:27:00,2016/02/12 08:27:00 AM,2016/02/12,07:54:00,2016/02/12 07:54:00 AM,Geneva Avenue and Athens Street,68,Female,Pedestrian,Pedestrian vs Motor Vehicle,City Street,true,false,true,true,false,POINT (-122.434541126 37.713475947),2024/07/01 04:48:29 PM,Excelsior,11,INGLESIDE
97,160204673,37.753413818329619,-122.49522653784864,2016,2016/03/21,02:28:00,2016/03/21 02:28:00 AM,2016/03/10,12:29:00,2016/03/10 12:29:00 PM,Sunset Blvd and Noriega Street,87,Male,Pedestrian,Pedestrian vs Motor Vehicle,City Street,true,false,true,false,false,POINT (-122.495226538 37.753413818),2024/07/01 04:48:29 PM,Sunset/Parkside,4,TARAVAL
20230135,230052479,37.783151427917907,-122.42255798140488,2023,2023/01/23,06:00:00,2023/01/23 06:00:00 AM,2023/01/23,05:30:00,2023/01/23 05:30:00 AM,Franklin St between Ellis and Eddy Sts,44,Female,Pedestrian,Pedestrian vs Motor Vehicle,City Street,true,false,true,true,true,POINT (-122.422557981 37.783151428),2024/07/01 04:48:29 PM,Western Addition,2,NORTHERN
91,23881000,37.770049772562132,-122.40700149001546,2016,2016/02/06,21:32:00,2016/02/06 09:32:00 PM,2016/02/06,21:20:00,2016/02/06 09:20:00 PM,Brannan Street and 9th Street,27,Male,Passenger,Motor Vehicle Collision,City Street,true,true,true,true,false,POINT (-122.40700149 37.770049773),2024/07/01 04:48:29 PM,South of Market,6,SOUTHERN
104,160413852,37.765447608446870,-122.41310524233374,2016,2016/05/20,23:07:00,2016/05/20 11:07:00 PM,2016/05/22,,2016/05/22 12:00:00 AM,Westbound on 16th Street and Harrison Street,52,Male,Motorcyclist,Motorcycle Collision,City Street,true,true,true,true,false,POINT (-122.413105242 37.765447608),2024/07/01 04:48:29 PM,Mission,9,MISSION
220,190455222,37.784448890600000,-122.47258586800000,2019,2019/06/24,,2019/06/24 12:00:00 AM,2019/06/24,03:03:00,2019/06/24 03:03:00 AM,California Street and Funston Avenue,56,Male,Driver,Motor Vehicle Collision,City Street,true,false,true,true,false,POINT (-122.472585868 37.784448891),2024/07/01 04:48:29 PM,Inner Richmond,1,RICHMOND
329,210711253,37.765447625097543,-122.41310497145341,2021,2021/10/30,00:18:00,2021/10/30 12:18:00 AM,2021/10/29,23:16:00,2021/10/29 11:16:00 PM,16th St at Harrison St,40,Male,Motorcyclist,Motorcycle vs Motor Vehicle,City Street,true,true,true,false,false,POINT (-122.413104971 37.765447625),2024/07/01 04:48:29 PM,Mission,9,MISSION
328,210647028,37.800385823882344,-122.44713057404347,2021,2021/10/05,00:57:00,2021/10/05 12:57:00 AM,2021/10/05,00:45:00,2021/10/05 12:45:00 AM,Francisco St at Richardson Ave,40,Male,Motorcyclist,Motorcycle vs Motor Vehicle,City Street,false,false,true,true,false,POINT (-122.447130574 37.800385824),2024/07/01 04:48:29 PM,Marina,2,NORTHERN
39,150670181,37.766099964490294,-122.41757638185966,2015,2015/08/02,07:18:00,2015/08/02 07:18:00 AM,2015/08/02,00:23:00,2015/08/02 12:23:00 AM,South Van Ness Avenue at 16th St,34,Male,Motorcyclist,Moped vs Motor Vehicle,City Street,true,true,true,true,true,POINT (-122.417576382 37.766099964),2024/07/01 04:48:29 PM,Mission,9,MISSION
334,210739095,37.798343536578443,-122.42562550441963,2021,2021/11/10,08:04:00,2021/11/10 08:04:00 AM,2021/11/10,07:57:00,2021/11/10 07:57:00 AM,Franklin St at Union St,30,Male,Pedestrian,Pedestrian vs Motor Vehicle,City Street,false,false,true,true,false,POINT (-122.425625504 37.798343537),2024/07/01 04:48:29 PM,Marina,2,NORTHERN
111,160552450,37.761417279577294,-122.48342310261336,2016,2016/07/15,16:33:00,2016/07/15 04:33:00 PM,2016/07/08,,2016/07/08 12:00:00 AM,Judah Street and 25th Avenue,88,Male,Pedestrian,Pedestrian vs LRV,City Street,false,false,true,false,false,POINT (-122.483423103 37.76141728),2024/07/01 04:48:29 PM,Sunset/Parkside,4,TARAVAL
119,170226582,37.800965056249176,-122.41265966088481,2017,2017/03/19,23:25:00,2017/03/19 11:25:00 PM,2017/03/19,,2017/03/19 12:00:00 AM,Mason Street and Filbert St,92,Male,Pedestrian,Pedestrian vs Cable Car,City Street,false,true,true,false,true,POINT (-122.412659661 37.800965056),2024/07/01 04:48:29 PM,Chinatown,3,CENTRAL
175,190168033,37.779891997699984,-122.40696592200001,2019,2019/03/08,,2019/03/08 12:00:00 AM,2019/03/08,08:19:00,2019/03/08 08:19:00 AM,6th Street and Howard Street,30,Female,Bicyclist,Pedestrian vs Motor Vehicle,City Street,true,true,true,true,true,POINT (-122.406965922 37.779891998),2024/07/01 04:48:29 PM,South of Market,6,SOUTHERN
125,170028322,37.797513407359176,-122.43215351401358,2017,2017/01/11,14:04:00,2017/01/11 02:04:00 PM,2017/01/11,12:33:00,2017/01/11 12:33:00 PM,Union Street at Buchanan Street,76,Female,Pedestrian,Pedestrian vs Motor Vehicle,City Street,false,false,true,false,false,POINT (-122.432153514 37.797513407),2024/07/01 04:48:29 PM,Marina,2,NORTHERN
171,190187691,37.716472587999988,-122.49653130200000,2019,2019/03/25,,2019/03/25 12:00:00 AM,2019/03/15,18:16:00,2019/03/15 06:16:00 PM,IFO 655 John Muir Drive,14,Female,Pedestrian,Pedestrian vs Motor Vehicle,City Street,false,true,true,false,false,POINT (-122.496531302 37.716472588),2024/07/01 04:48:29 PM,Lakeshore,7,TARAVAL
103,160410228,37.708802332286275,-122.41601067624489,2016,2016/05/19,16:22:00,2016/05/19 04:22:00 PM,2016/05/19,16:00:00,2016/05/19 04:00:00 PM,Calgary Street and and Geneva Avenue,18,Male,Passenger,Motor Vehicle Collision,City Street,false,true,true,false,true,POINT (-122.416010676 37.708802332),2024/07/01 04:48:29 PM,Visitacion Valley,10,INGLESIDE
112,160878961,37.746782037138658,-122.47590202077915,2016,2016/11/04,19:05:00,2016/11/04 07:05:00 PM,2016/10/28,16:33:00,2016/10/28 04:33:00 PM,19th Avenue at Rivera Street,67,Male,Pedestrian,Pedestrian vs Motor Vehicle,City Street,true,false,true,true,false,POINT (-122.475902021 37.746782037),2024/07/01 04:48:29 PM,West of Twin Peaks,7,TARAVAL
172,190226493,37.749478459099990,-122.40286630899998,2019,2019/03/31,,2019/03/31 12:00:00 AM,2019/03/31,03:04:00,2019/03/31 03:04:00 AM,Cesar Chavez Street near Kansas Street,31,Female,Passenger,Motor Vehicle Collision,City Street,true,true,true,true,false,POINT (-122.402866309 37.749478459),2024/07/01 04:48:29 PM,Potrero Hill,10,BAYVIEW
101,160085354,37.742232556209991,-122.42429512100118,2016,2016/01/31,17:10:00,2016/01/31 05:10:00 PM,2016/01/29,18:56:00,2016/01/29 06:56:00 PM,30th Street and Dolores Street,60,Male,Pedestrian,Pedestrian vs Motor Vehicle,City Street,false,false,true,false,false,POINT (-122.424295121 37.742232556),2024/07/01 04:48:29 PM,Noe Valley,8,INGLESIDE
136,170989611,37.724299961131692,-122.45816783664336,2017,2017/12/07,08:29:00,2017/12/07 08:29:00 AM,2017/12/07,08:29:00,2017/12/07 08:29:00 AM,Miramar Avenue and Ocean Avenue,63,Female,Pedestrian,Pedestrian vs Motor Vehicle,City Street,false,true,true,true,false,POINT (-122.458167837 37.724299961),2024/07/01 04:48:29 PM,Oceanview/Merced/Ingleside,11,TARAVAL
20220105,220010562,37.784953879702940,-122.42798892701637,2022,2022/01/05,21:15:00,2022/01/05 09:15:00 PM,2022/01/05,21:05:00,2022/01/05 09:05:00 PM,Geary Blvd at Laguna St,33,Male,Pedestrian,Pedestrian vs Motor Vehicle,City Street,true,true,true,true,true,POINT (-122.427988927 37.78495388),2024/07/01 04:48:29 PM,Western Addition,5,NORTHERN
20220545,220285000,37.783214312081675,-122.41076482738805,2022,2022/05/01,21:39:00,2022/05/01 09:39:00 PM,2022/05/01,20:26:00,2022/05/01 08:26:00 PM,Taylor St at Turk St,34,Female,Standup Powered Device Rider,e-Scooter vs. Vehicle,City Street,true,true,true,true,true,POINT (-122.410764827 37.783214312),2024/07/01 04:48:29 PM,Tenderloin,5,TENDERLOIN
99,160253880,37.761997071303988,-122.42379510371441,2016,2016/03/27,17:12:00,2016/03/27 05:12:00 PM,2016/03/27,17:00:00,2016/03/27 05:00:00 PM,556 Guerrero St,63,Male,Driver,Motor Vehicle Collision,City Street,true,false,true,true,false,POINT (-122.423795104 37.761997071),2024/07/01 04:48:29 PM,Mission,9,MISSION
96,160211004,37.784657140809529,-122.41443019808900,2016,2016/03/12,20:06:00,2016/03/12 08:06:00 PM,2016/03/12,18:39:00,2016/03/12 06:39:00 PM,Leavenworth Street and Ellis Street,56,Male,Pedestrian,Pedestrian vs Motor Vehicle,City Street,true,true,true,true,true,POINT (-122.414430198 37.784657141),2024/07/01 04:48:29 PM,Tenderloin,5,TENDERLOIN
20220129,220065181,37.764166133683048,-122.50619149458082,2022,2022/01/29,21:15:00,2022/01/29 09:15:00 PM,2022/01/29,19:34:00,2022/01/29 07:34:00 PM,46th Ave at Lincoln Way,38,Male,Passenger,Motor Vehicle Collision,City Street,false,false,true,false,false,POINT (-122.506191495 37.764166134),2024/07/01 04:48:29 PM,Sunset/Parkside,4,TARAVAL
93,23881000,37.770049772562132,-122.40700149001546,2016,2016/02/06,21:32:00,2016/02/06 09:32:00 PM,2016/02/06,21:20:00,2016/02/06 09:20:00 PM,Brannan Street and 9th Street,31,Male,Passenger,Motor Vehicle Collision,City Street,true,true,true,true,false,POINT (-122.40700149 37.770049773),2024/07/01 04:48:29 PM,South of Market,6,SOUTHERN
168,190144312,37.784222491500000,-122.47750934800000,2019,2019/02/27,,2019/02/27 12:00:00 AM,2019/02/26,20:07:00,2019/02/26 08:07:00 PM,18th Avenue and California Street,64,Female,Pedestrian,Pedestrian vs Motor Vehicle,City Street,true,false,true,true,false,POINT (-122.477509348 37.784222492),2024/07/01 04:48:29 PM,Outer Richmond,1,RICHMOND
59,150990666,37.754551617901633,-122.48186948085460,2015,2015/11/13,19:35:00,2015/11/13 07:35:00 PM,2015/11/13,18:50:00,2015/11/13 06:50:00 PM,IFO 1747 24th Ave,67,Female,Pedestrian,Pedestrian vs Motor Vehicle,City Street,false,false,true,false,false,POINT (-122.481869481 37.754551618),2024/07/01 04:48:29 PM,Sunset/Parkside,4,TARAVAL
161,180750377,37.772719380700000,-122.44068390799998,2018,2018/10/05,20:54:00,2018/10/05 08:54:00 PM,2018/10/03,21:15:00,2018/10/03 09:15:00 PM,Baker Street and Oak Street,60,Male,Pedestrian,Pedestrian vs Motor Vehicle,City Street,true,false,true,true,false,POINT (-122.440683908 37.772719381),2024/07/01 04:48:29 PM,Haight Ashbury,5,PARK
102,160105849,37.780396934427372,-122.41254681492784,2016,2016/02/06,16:26:00,2016/02/06 04:26:00 PM,2016/02/05,09:50:00,2016/02/05 09:50:00 AM,7th Street and Market Street,38,Female,Pedestrian,Pedestrian vs Motor Vehicle,City Street,true,true,true,true,true,POINT (-122.412546815 37.780396934),2024/07/01 04:48:29 PM,South of Market,6,SOUTHERN
150,180477587,37.805184901699988,-122.40343572499998,2018,2018/07/09,19:30:00,2018/07/09 07:30:00 PM,2018/06/27,16:13:00,2018/06/27 04:13:00 PM,Embarcadero and Sansome Street,66,Male,Bicyclist,Bicycle vs Motor Vehicle,City Street,false,true,true,true,true,POINT (-122.403435725 37.805184902),2024/07/01 04:48:29 PM,North Beach,3,CENTRAL
106,160344304,37.787097238980536,-122.38779488940344,2016,2015/04/27,13:32:00,2015/04/27 01:32:00 PM,2016/04/27,,2016/04/27 12:00:00 AM,The Embarcadero and Bryant Street,56,Female,Passenger,Motor Vehicle Collision,City Street,true,false,true,false,false,POINT (-122.387794889 37.787097239),2024/07/01 04:48:29 PM,Financial District/South Beach,6,SOUTHERN
48,150813165,37.790265024593154,-122.41556123927056,2015,2015/09/16,17:22:00,2015/09/16 05:22:00 PM,2015/09/16,13:04:00,2015/09/16 01:04:00 PM,Leavenworth St and Pine St,76,Female,Pedestrian,Pedestrian vs Motor Vehicle,City Street,true,false,true,false,false,POINT (-122.415561239 37.790265025),2024/07/01 04:48:29 PM,Nob Hill,3,CENTRAL
143,180060546,37.718555421600000,-122.41285919200001,2018,2018/01/23,13:10:00,2018/01/23 01:10:00 PM,2018/01/23,13:09:00,2018/01/23 01:09:00 PM,Mansell Street near Visitacion Avenue,34,Male,Driver,Motor Vehicle Collision,City Street,false,true,true,false,true,POINT (-122.412859192 37.718555422),2024/07/01 04:48:29 PM,McLaren Park,9,INGLESIDE
3,151078623,37.726049396957507,-122.40623241751577,2015,2015/12/14,10:30:00,2015/12/14 10:30:00 AM,2015/12/14,10:15:00,2015/12/14 10:15:00 AM,IFO 551 Goettingen St,63,Male,Bicyclist,Bicycle vs Motor Vehicle,City Street,true,true,true,false,true,POINT (-122.406232418 37.726049397),2024/07/01 04:48:29 PM,Portola,9,BAYVIEW
26,150412240,37.716168964294800,-122.45037835479980,2015,2015/05/12,08:49:00,2015/05/12 08:49:00 AM,2015/05/12,08:25:00,2015/05/12 08:25:00 AM,San Jose and Lakeview Avenue,12,Male,Pedestrian,Pedestrian vs LRV,City Street,true,true,true,false,true,POINT (-122.450378355 37.716168964),2024/07/01 04:48:29 PM,Oceanview/Merced/Ingleside,11,TARAVAL
294,200729614,37.802336811683773,-122.40025916696703,2020,2020/12/06,17:26:00,2020/12/06 05:26:00 PM,2020/12/03,13:54:00,2020/12/03 01:54:00 PM,700 Block of Embarcadero,51,Male,Standup Powered Device Rider,e-Scooter Collision,City Street,true,false,true,true,true,POINT (-122.400259167 37.802336812),2024/07/01 04:48:29 PM,Financial District/South Beach,3,CENTRAL
311,210206414,37.783784933742311,-122.39893033200353,2021,2021/04/03,14:27:00,2021/04/03 02:27:00 PM,2021/04/03,13:00:00,2021/04/03 01:00:00 PM,Third Street and Folsom Street,78,Male,Pedestrian,Pedestrian vs Motor Vehicle,City Street,true,true,true,true,true,POINT (-122.398930332 37.783784934),2024/07/01 04:48:29 PM,South of Market,6,SOUTHERN
313,210215722,37.779564149694394,-122.43195180267146,2021,2021/04/14,19:22:00,2021/04/14 07:22:00 PM,2021/04/07,15:51:00,2021/04/07 03:51:00 PM,Golden Gate Avenue and Fillmore Street,81,Female,Pedestrian,Pedestrian vs Motorcycle,City Street,true,true,true,true,true,POINT (-122.431951803 37.77956415),2024/07/01 04:48:29 PM,Western Addition,5,NORTHERN
326,210671356,37.780074695240430,-122.42024718391410,2021,2021/10/14,02:23:00,2021/10/14 02:23:00 AM,2021/10/14,01:00:00,2021/10/14 01:00:00 AM,Van Ness Ave at McAllister St,36,Female,Pedestrian,Pedestrian vs Motor Vehicle,City Street,true,false,true,true,true,POINT (-122.420247184 37.780074695),2024/07/01 04:48:29 PM,Hayes Valley,5,NORTHERN
179,190338929,37.789620437199993,-122.42049344199997,2019,2019/05/11,,2019/05/11 12:00:00 AM,2019/05/11,22:12:00,2019/05/11 10:12:00 PM,Polk Street and Pine Street,47,Male,Motorcyclist,Motor Vehicle Collision,City Street,true,true,true,true,true,POINT (-122.420493442 37.789620437),2024/07/01 04:48:29 PM,Nob Hill,3,NORTHERN
20231203,230590980,37.714973580289573,-122.48526795072550,2023,2023/08/19,18:52:00,2023/08/19 06:52:00 PM,2023/08/19,18:45:00,2023/08/19 06:45:00 PM,Lake Merced Blvd and Brotherhood Way,29,Male,Motorcyclist,Motorcycle vs Motor Vehicle,City Street,false,true,true,false,false,POINT (-122.485267951 37.71497358),2024/07/01 04:48:29 PM,Lakeshore,7,TARAVAL
20231735,230868351,37.769554573822500,-122.41508266216732,2023,2023/12/11,14:58:00,2023/12/11 02:58:00 PM,2023/12/11,14:50:00,2023/12/11 02:50:00 PM,13th St entrance for 1745 Folsom St,74,Male,Pedestrian,Motor Vehicle & Pedestrian,City Street,false,false,true,false,false,POINT (-122.415082662 37.769554574),2024/07/01 04:48:29 PM,Mission,9,MISSION
20231818,230899823 and 230900464,37.732948177789126,-122.40465679329571,2023,2023/12/31,11:15:00,2023/12/31 11:15:00 AM,2023/12/26,06:35:00,2023/12/26 06:35:00 AM,Bayshore Blvd and Silver Ave,72,Male,Pedestrian,Motor Vehicle & Pedestrian,City Street,false,true,true,false,true,POINT (-122.404656793 37.732948178),2024/07/01 04:48:29 PM,Portola,9,BAYVIEW
20231716,230856011,37.784028811181031,-122.41936257781367,2023,2023/12/06,01:53:00,2023/12/06 01:53:00 AM,2023/12/06,01:46:00,2023/12/06 01:46:00 AM,Polk St and Ellis St,34,Male,Standup Powered Device Rider,Standup Powered Device & Motor Vehicle,City Street,false,true,true,false,true,POINT (-122.419362578 37.784028811),2024/07/01 04:48:29 PM,Tenderloin,5,NORTHERN
